{
  "duration": 1513,
  "ftp": 235.0,
  "items": [
    {
      "start": 0,
      "end": 244,
      "duration": 244,
      "classification": "endurance",
      "average_power": 151.45491803278688,
      "peak_power": 205.0,
      "normalized_power": 155.28749300417607,
      "intensity_factor": 0.660797842570962,
      "power_ratio": 0.6444890129054761,
      "time_above_95": 0.0,
      "time_above_106": 0.0,
      "time_above_120": 0.0,
      "time_above_150": 0.0,
      "heart_rate_avg": 131.69672131147541,
      "heart_rate_max": 148,
      "heart_rate_slope": 0.20081967213114754,
      "metadata": {
        "hr_percent_max": 0.6753678015973098
      }
    },
    {
      "start": 244,
      "end": 352,
      "duration": 108,
      "classification": "tempo",
      "average_power": 197.42592592592592,
      "peak_power": 225.0,
      "normalized_power": 198.2448751846266,
      "intensity_factor": 0.8435952135516026,
      "power_ratio": 0.8401103230890464,
      "time_above_95": 0.18518518518518517,
      "time_above_106": 0.0,
      "time_above_120": 0.0,
      "time_above_150": 0.0,
      "heart_rate_avg": 152.64814814814815,
      "heart_rate_max": 156,
      "heart_rate_slope": 0.07407407407407407,
      "metadata": {
        "hr_percent_max": 0.7828110161443494
      }
    },
    {
      "start": 352,
      "end": 484,
      "duration": 132,
      "classification": "endurance",
      "average_power": 154.81060606060606,
      "peak_power": 205.0,
      "normalized_power": 161.70496200119084,
      "intensity_factor": 0.6881062212816631,
      "power_ratio": 0.658768536428111,
      "time_above_95": 0.0,
      "time_above_106": 0.0,
      "time_above_120": 0.0,
      "time_above_150": 0.0,
      "heart_rate_avg": 149.38636363636363,
      "heart_rate_max": 156,
      "heart_rate_slope": -0.007575757575757576,
      "metadata": {
        "hr_percent_max": 0.766083916083916
      }
    },
    {
      "start": 484,
      "end": 592,
      "duration": 108,
      "classification": "tempo",
      "average_power": 197.22222222222223,
      "peak_power": 225.0,
      "normalized_power": 198.01242974531752,
      "intensity_factor": 0.8426060840226277,
      "power_ratio": 0.8392434988179669,
      "time_above_95": 0.18518518518518517,
      "time_above_106": 0.0,
      "time_above_120": 0.0,
      "time_above_150": 0.0,
      "heart_rate_avg": 154.55555555555554,
      "heart_rate_max": 159,
      "heart_rate_slope": 0.05555555555555555,
      "metadata": {
        "hr_percent_max": 0.7925925925925925
      }
    },
    {
      "start": 592,
      "end": 724,
      "duration": 132,
      "classification": "endurance",
      "average_power": 155.24242424242425,
      "peak_power": 205.0,
      "normalized_power": 162.105882752704,
      "intensity_factor": 0.689812267032783,
      "power_ratio": 0.6606060606060606,
      "time_above_95": 0.0,
      "time_above_106": 0.0,
      "time_above_120": 0.0,
      "time_above_150": 0.0,
      "heart_rate_avg": 149.46969696969697,
      "heart_rate_max": 159,
      "heart_rate_slope": -0.05303030303030303,
      "metadata": {
        "hr_percent_max": 0.7665112665112666
      }
    },
    {
      "start": 724,
      "end": 832,
      "duration": 108,
      "classification": "tempo",
      "average_power": 196.85185185185185,
      "peak_power": 225.0,
      "normalized_power": 197.67402986968105,
      "intensity_factor": 0.8411660845518343,
      "power_ratio": 0.8376674546887313,
      "time_above_95": 0.17592592592592593,
      "time_above_106": 0.0,
      "time_above_120": 0.0,
      "time_above_150": 0.0,
      "heart_rate_avg": 156.75925925925927,
      "heart_rate_max": 160,
      "heart_rate_slope": 0.07407407407407407,
      "metadata": {
        "hr_percent_max": 0.8038936372269706
      }
    },
    {
      "start": 832,
      "end": 964,
      "duration": 132,
      "classification": "endurance",
      "average_power": 154.87878787878788,
      "peak_power": 205.0,
      "normalized_power": 161.71779010863526,
      "intensity_factor": 0.688160808972916,
      "power_ratio": 0.6590586718246293,
      "time_above_95": 0.0,
      "time_above_106": 0.0,
      "time_above_120": 0.0,
      "time_above_150": 0.0,
      "heart_rate_avg": 151.71212121212122,
      "heart_rate_max": 160,
      "heart_rate_slope": -0.06818181818181818,
      "metadata": {
        "hr_percent_max": 0.7780108780108781
      }
    },
    {
      "start": 964,
      "end": 1072,
      "duration": 108,
      "classification": "tempo",
      "average_power": 197.27777777777777,
      "peak_power": 225.0,
      "normalized_power": 198.10145497287553,
      "intensity_factor": 0.8429849147781937,
      "power_ratio": 0.8394799054373522,
      "time_above_95": 0.17592592592592593,
      "time_above_106": 0.0,
      "time_above_120": 0.0,
      "time_above_150": 0.0,
      "heart_rate_avg": 155.24074074074073,
      "heart_rate_max": 159,
      "heart_rate_slope": 0.05555555555555555,
      "metadata": {
        "hr_percent_max": 0.7961063627730294
      }
    },
    {
      "start": 1072,
      "end": 1204,
      "duration": 132,
      "classification": "endurance",
      "average_power": 155.42424242424244,
      "peak_power": 205.0,
      "normalized_power": 162.25805701445037,
      "intensity_factor": 0.6904598170827675,
      "power_ratio": 0.6613797549967764,
      "time_above_95": 0.0,
      "time_above_106": 0.0,
      "time_above_120": 0.0,
      "time_above_150": 0.0,
      "heart_rate_avg": 152.96212121212122,
      "heart_rate_max": 158,
      "heart_rate_slope": -0.022727272727272728,
      "metadata": {
        "hr_percent_max": 0.7844211344211345
      }
    },
    {
      "start": 1204,
      "end": 1314,
      "duration": 110,
      "classification": "tempo",
      "average_power": 196.88181818181818,
      "peak_power": 225.0,
      "normalized_power": 197.864101013513,
      "intensity_factor": 0.8419748979298425,
      "power_ratio": 0.8377949709864603,
      "time_above_95": 0.18181818181818182,
      "time_above_106": 0.0,
      "time_above_120": 0.0,
      "time_above_150": 0.0,
      "heart_rate_avg": 153.9090909090909,
      "heart_rate_max": 157,
      "heart_rate_slope": 0.01818181818181818,
      "metadata": {
        "hr_percent_max": 0.7892773892773892
      }
    },
    {
      "start": 1314,
      "end": 1514,
      "duration": 200,
      "classification": "endurance",
      "average_power": 137.715,
      "peak_power": 175.0,
      "normalized_power": 142.69388628541583,
      "intensity_factor": 0.6072080267464504,
      "power_ratio": 0.5860212765957447,
      "time_above_95": 0.0,
      "time_above_106": 0.0,
      "time_above_120": 0.0,
      "time_above_150": 0.0,
      "heart_rate_avg": 147.06,
      "heart_rate_max": 157,
      "heart_rate_slope": -0.095,
      "metadata": {
        "hr_percent_max": 0.7541538461538462
      }
    }
  ],
  "preview_image": "data/zone_previews/strava_15100247452_zones.png",
  "zone_segments": [
    {
      "metric": "power",
      "zone": "Z2",
      "label": "Endurance",
      "start_time": 0.0,
      "end_time": 182.0,
      "duration_seconds": 182.0,
      "height": 0.3607668926817863,
      "intensity_ratio": 0.6009586158522329,
      "average_value": 141.22527472527472
    },
    {
      "metric": "power",
      "zone": "Z3",
      "label": "Tempo",
      "start_time": 182.0,
      "end_time": 222.0,
      "duration_seconds": 40.0,
      "height": 0.5517872340425531,
      "intensity_ratio": 0.8269148936170212,
      "average_value": 194.325
    },
    {
      "metric": "power",
      "zone": "Z2",
      "label": "Endurance",
      "start_time": 222.0,
      "end_time": 242.0,
      "duration_seconds": 20.0,
      "height": 0.40595744680851065,
      "intensity_ratio": 0.6574468085106383,
      "average_value": 154.5
    },
    {
      "metric": "power",
      "zone": "Z3",
      "label": "Tempo",
      "start_time": 242.0,
      "end_time": 262.0,