{
  "duration": 3619,
  "ftp": 235.0,
  "items": [
    {
      "start": 0,
      "end": 255,
      "duration": 255,
      "classification": "recovery",
      "average_power": 109.54901960784314,
      "peak_power": 130.0,
      "normalized_power": 111.16711180220362,
      "intensity_factor": 0.4730515395838452,
      "power_ratio": 0.46616604088443886,
      "time_above_95": 0.0,
      "time_above_106": 0.0,
      "time_above_120": 0.0,
      "time_above_150": 0.0,
      "heart_rate_avg": 115.44313725490196,
      "heart_rate_max": 135,
      "heart_rate_slope": 0.2,
      "metadata": {
        "hr_percent_max": 0.5920160884866768
      }
    },
    {
      "start": 255,
      "end": 462,
      "duration": 207,
      "classification": "endurance",
      "average_power": 153.53140096618358,
      "peak_power": 230.0,
      "normalized_power": 159.69781351304096,
      "intensity_factor": 0.6795651638852807,
      "power_ratio": 0.6533251104943982,
      "time_above_95": 0.14009661835748793,
      "time_above_106": 0.0,
      "time_above_120": 0.0,
      "time_above_150": 0.0,
      "heart_rate_avg": 140.17391304347825,
      "heart_rate_max": 157,
      "heart_rate_slope": 0.11594202898550725,
      "metadata": {
        "hr_percent_max": 0.7188405797101449
      }
    },
    {
      "start": 462,
      "end": 627,
      "duration": 165,
      "classification": "recovery",
      "average_power": 104.45454545454545,
      "peak_power": 105.0,
      "normalized_power": 104.47669215767836,
      "intensity_factor": 0.44458166875607813,
      "power_ratio": 0.4444874274661509,
      "time_above_95": 0.0,
      "time_above_106": 0.0,
      "time_above_120": 0.0,
      "time_above_150": 0.0,
      "heart_rate_avg": 143.38181818181818,
      "heart_rate_max": 157,
      "heart_rate_slope": -0.15151515151515152,
      "metadata": {
        "hr_percent_max": 0.7352913752913752
      }
    },
    {
      "start": 627,
      "end": 668,
      "duration": 41,
      "classification": "threshold",
      "average_power": 196.3658536585366,
      "peak_power": 230.0,
      "normalized_power": 191.82419614964488,
      "intensity_factor": 0.8162731751048719,
      "power_ratio": 0.8355993772703685,
      "time_above_95": 0.7317073170731707,
      "time_above_106": 0.0,
      "time_above_120": 0.0,
      "time_above_150": 0.0,
      "heart_rate_avg": 140.6341463414634,
      "heart_rate_max": 150,
      "heart_rate_slope": 0.4146341463414634,
      "metadata": {
        "hr_percent_max": 0.7212007504690431
      }
    },
    {
      "start": 668,
      "end": 810,
      "duration": 142,
      "classification": "recovery",
      "average_power": 104.52112676056338,
      "peak_power": 105.0,
      "normalized_power": 104.52047252483953,
      "intensity_factor": 0.44476796819080655,
      "power_ratio": 0.44477075217261014,
      "time_above_95": 0.0,
      "time_above_106": 0.0,
      "time_above_120": 0.0,
      "time_above_150": 0.0,
      "heart_rate_avg": 144.54225352112675,
      "heart_rate_max": 153,
      "heart_rate_slope": -0.08450704225352113,
      "metadata": {
        "hr_percent_max": 0.741242325749368
      }
    },
    {
      "start": 810,
      "end": 1300,
      "duration": 490,
      "classification": "tempo",
      "average_power": 177.96326530612245,
      "peak_power": 180.0,
      "normalized_power": 177.92047570939624,
      "intensity_factor": 0.7571084072740266,
      "power_ratio": 0.7572904906643508,
      "time_above_95": 0.0,
      "time_above_106": 0.0,
      "time_above_120": 0.0,
      "time_above_150": 0.0,
      "heart_rate_avg": 156.57084188911705,
      "heart_rate_max": 165,
      "heart_rate_slope": 0.05510204081632653,
      "metadata": {
        "hr_percent_max": 0.8029273943031644
      }
    },
    {
      "start": 1300,
      "end": 1393,
      "duration": 93,
      "classification": "endurance",
      "average_power": 112.98924731182795,
      "peak_power": 200.0,
      "normalized_power": 118.66270777345366,
      "intensity_factor": 0.5049476926529943,
      "power_ratio": 0.4808053077099062,
      "time_above_95": 0.0,
      "time_above_106": 0.0,
      "time_above_120": 0.0,
      "time_above_150": 0.0,
      "heart_rate_avg": 160.25806451612902,
      "heart_rate_max": 166,
      "heart_rate_slope": -0.16129032258064516,
      "metadata": {
        "hr_percent_max": 0.8218362282878412
      }
    },
    {
      "start": 1393,
      "end": 1678,
      "duration": 285,
      "classification": "tempo",
      "average_power": 199.56842105263158,
      "peak_power": 200.0,
      "normalized_power": 199.5784224958511,
      "intensity_factor": 0.8492698829610685,
      "power_ratio": 0.8492273236282195,
      "time_above_95": 0.0,
      "time_above_106": 0.0,
      "time_above_120": 0.0,
      "time_above_150": 0.0,
      "heart_rate_avg": 167.43157894736842,
      "heart_rate_max": 176,
      "heart_rate_slope": 0.0912280701754386,
      "metadata": {
        "hr_percent_max": 0.8586234817813765
      }
    },
    {
      "start": 1678,
      "end": 1781,
      "duration": 103,
      "classification": "endurance",
      "average_power": 117.05825242718447,
      "peak_power": 210.0,
      "normalized_power": 125.91526397493948,
      "intensity_factor": 0.5358096339359126,
      "power_ratio": 0.498120223094402,
      "time_above_95": 0.0,
      "time_above_106": 0.0,
      "time_above_120": 0.0,
      "time_above_150": 0.0,
      "heart_rate_avg": 167.78,
      "heart_rate_max": 176,
      "heart_rate_slope": -0.13592233009708737,
      "metadata": {
        "hr_percent_max": 0.8604102564102564
      }
    },
    {
      "start": 1781,
      "end": 1950,
      "duration": 169,
      "classification": "tempo",
      "average_power": 209.50887573964496,
      "peak_power": 210.0,
      "normalized_power": 209.5190294519533,
      "intensity_factor": 0.8915703380934182,
      "power_ratio": 0.8915271308069999,
      "time_above_95": 0.0,
      "time_above_106": 0.0,
      "time_above_120": 0.0,
      "time_above_150": 0.0,
      "heart_rate_avg": 169.84023668639054,
      "heart_rate_max": 177,
      "heart_rate_slope": 0.10059171597633136,
      "metadata": {
        "hr_percent_max": 0.8709755727507207
      }
    },
    {
      "start": 1950,
      "end": 2250,
      "duration": 300,
      "classification": "recovery",
      "average_power": 106.25,
      "peak_power": 210.0,
      "normalized_power": 108.96185492034846,
      "intensity_factor": 0.46366746774616363,
      "power_ratio": 0.4521276595744681,
      "time_above_95": 0.0,
      "time_above_106": 0.0,
      "time_above_120": 0.0,
      "time_above_150": 0.0,
      "heart_rate_avg": 161.02,
      "heart_rate_max": 179,
      "heart_rate_slope": -0.10333333333333333,
      "metadata": {
        "hr_percent_max": 0.8257435897435897
      }
    },
    {
      "start": 2250,
      "end": 2741,
      "duration": 491,
      "classification": "tempo",
      "average_power": 177.82688391038695,
      "peak_power": 180.0,
      "normalized_power": 177.8709461636405,
      "intensity_factor": 0.756897643249534,
      "power_ratio": 0.756710144299519,
      "time_above_95": 0.0,
      "time_above_106": 0.0,
      "time_above_120": 0.0,
      "time_above_150": 0.0,
      "heart_rate_avg": 167.60488798370673,
      "heart_rate_max": 176,
      "heart_rate_slope": 0.04480651731160896,
      "metadata": {
        "hr_percent_max": 0.859512246070291
      }
    },
    {
      "start": 2741,
      "end": 2833,
      "duration": 92,
      "classification": "endurance",
      "average_power": 112.93478260869566,
      "peak_power": 200.0,
      "normalized_power": 118.59748849114638,
      "intensity_factor": 0.5046701637921123,
      "power_ratio": 0.4805735430157262,
      "time_above_95": 0.0,
      "time_above_106": 0.0,
      "time_above_120": 0.0,
      "time_above_150": 0.0,
      "heart_rate_avg": 167.08695652173913,
      "heart_rate_max": 171,