{
  "duration": 2124,
  "ftp": 235.0,
  "items": [
    {
      "start": 0,
      "end": 777,
      "duration": 777,
      "classification": "tempo",
      "average_power": 175.9047619047619,
      "peak_power": 230.0,
      "normalized_power": 177.72815734959408,
      "intensity_factor": 0.7562900312748685,
      "power_ratio": 0.748530901722391,
      "time_above_95": 0.003861003861003861,
      "time_above_106": 0.0,
      "time_above_120": 0.0,
      "time_above_150": 0.0,
      "heart_rate_avg": 147.22393822393823,
      "heart_rate_max": 154,
      "heart_rate_slope": 0.06435006435006435,
      "metadata": {
        "hr_percent_max": 0.754994554994555
      }
    },
    {
      "start": 777,
      "end": 1222,
      "duration": 445,
      "classification": "endurance",
      "average_power": 168.80898876404495,
      "peak_power": 202.0,
      "normalized_power": 169.2835910306082,
      "intensity_factor": 0.7203557065132263,
      "power_ratio": 0.7183361224001913,
      "time_above_95": 0.0,
      "time_above_106": 0.0,
      "time_above_120": 0.0,
      "time_above_150": 0.0,
      "heart_rate_avg": 152.85168539325844,
      "heart_rate_max": 157,
      "heart_rate_slope": 0.01348314606741573,
      "metadata": {
        "hr_percent_max": 0.7838547968885048
      }
    },
    {
      "start": 1222,
      "end": 1378,
      "duration": 156,
      "classification": "tempo",
      "average_power": 175.37820512820514,
      "peak_power": 193.0,
      "normalized_power": 175.6564921331713,
      "intensity_factor": 0.7474744346092396,
      "power_ratio": 0.746290234588107,
      "time_above_95": 0.0,
      "time_above_106": 0.0,
      "time_above_120": 0.0,
      "time_above_150": 0.0,
      "heart_rate_avg": 157.25641025641025,
      "heart_rate_max": 161,
      "heart_rate_slope": 0.0,
      "metadata": {
        "hr_percent_max": 0.8064431295200526
      }
    },
    {
      "start": 1378,
      "end": 1830,
      "duration": 452,
      "classification": "endurance",
      "average_power": 168.50221238938053,
      "peak_power": 186.0,
      "normalized_power": 168.8151061184822,
      "intensity_factor": 0.7183621536956689,
      "power_ratio": 0.7170306910186406,
      "time_above_95": 0.0,
      "time_above_106": 0.0,
      "time_above_120": 0.0,
      "time_above_150": 0.0,
      "heart_rate_avg": 154.5132743362832,
      "heart_rate_max": 159,
      "heart_rate_slope": -0.00663716814159292,
      "metadata": {
        "hr_percent_max": 0.7923757658270932
      }
    },
    {
      "start": 1830,
      "end": 1885,
      "duration": 55,
      "classification": "tempo",
      "average_power": 182.78181818181818,
      "peak_power": 193.0,
      "normalized_power": 182.57202576469282,
      "intensity_factor": 0.7769022372965652,
      "power_ratio": 0.7777949709864603,
      "time_above_95": 0.0,
      "time_above_106": 0.0,
      "time_above_120": 0.0,
      "time_above_150": 0.0,
      "heart_rate_avg": 159.25454545454545,
      "heart_rate_max": 163,
      "heart_rate_slope": 0.07272727272727272,
      "metadata": {
        "hr_percent_max": 0.8166899766899767
      }
    },
    {
      "start": 1885,
      "end": 2125,
      "duration": 240,
      "classification": "endurance",
      "average_power": 167.87916666666666,
      "peak_power": 182.0,
      "normalized_power": 168.04364775330126,
      "intensity_factor": 0.7150793521417075,
      "power_ratio": 0.7143794326241134,
      "time_above_95": 0.0,
      "time_above_106": 0.0,
      "time_above_120": 0.0,
      "time_above_150": 0.0,
      "heart_rate_avg": 154.84583333333333,
      "heart_rate_max": 158,
      "heart_rate_slope": -0.03333333333333333,
      "metadata": {
        "hr_percent_max": 0.7940811965811966
      }
    }
  ],
  "preview_image": "data/zone_previews/strava_13462821088_zones.png",
  "zone_segments": [
    {
      "metric": "power",
      "zone": "Z2",
      "label": "Endurance",
      "start_time": 11.0,
      "end_time": 18.0,
      "duration_seconds": 7.0,
      "height": 0.4421884498480243,
      "intensity_ratio": 0.7027355623100304,
      "average_value": 165.14285714285714
    },
    {
      "metric": "power",
      "zone": "Z3",
      "label": "Tempo",
      "start_time": 18.0,
      "end_time": 75.0,
      "duration_seconds": 57.0,
      "height": 0.5346796068184646,
      "intensity_ratio": 0.8085852930197835,
      "average_value": 190.01754385964912
    },
    {
      "metric": "power",
      "zone": "Z2",
      "label": "Endurance",
      "start_time": 75.0,
      "end_time": 92.0,
      "duration_seconds": 17.0,
      "height": 0.4741426783479349,
      "intensity_ratio": 0.7426783479349186,
      "average_value": 174.52941176470588
    },
    {
      "metric": "power",
      "zone": "Z3",
      "label": "Tempo",
      "start_time": 92.0,
      "end_time": 141.0,
      "duration_seconds": 49.0,
      "height": 0.5089969604863221,
      "intensity_ratio": 0.7810681719496309,
      "average_value": 183.55102040816325
    },
    {
      "metric": "power",
      "zone": "Z2",
      "label": "Endurance",
      "start_time": 141.0,
      "end_time": 158.0,
      "duration_seconds": 17.0,
      "height": 0.4473091364205256,
      "intensity_ratio": 0.7091364205256571,
      "average_value": 166.64705882352942
    },
    {
      "metric": "power",
      "zone": "Z3",
      "label": "Tempo",
      "start_time": 158.0,
      "end_time": 218.0,
      "duration_seconds": 60.0,
      "height": 0.5225626477541372,
      "intensity_ratio": 0.7956028368794327,
      "average_value": 186.96666666666667
    },
    {
      "metric": "power",
      "zone": "Z2",
      "label": "Endurance",
      "start_time": 218.0,
      "end_time": 231.0,
      "duration_seconds": 13.0,
      "height": 0.4791489361702127,
      "intensity_ratio": 0.7489361702127659,
      "average_value": 176.0
    },
    {
      "metric": "power",
      "zone": "Z3",
      "label": "Tempo",
      "start_time": 231.0,
      "end_time": 251.0,
      "duration_seconds": 20.0,
      "height": 0.49409929078014186,
      "intensity_ratio": 0.7651063829787235,
      "average_value": 179.8
    },
    {
      "metric": "power",
      "zone": "Z2",
      "label": "Endurance",
      "start_time": 251.0,
      "end_time": 262.0,
      "duration_seconds": 11.0,
      "height": 0.4791489361702127,
      "intensity_ratio": 0.7489361702127659,
      "average_value": 176.0
    },
    {
      "metric": "power",
      "zone": "Z3",
      "label": "Tempo",
      "start_time": 262.0,
      "end_time": 281.0,
      "duration_seconds": 19.0,
      "height": 0.48569615528182153,
      "intensity_ratio": 0.7561030235162374,
      "average_value": 177.68421052631578
    },
    {
      "metric": "power",
      "zone": "Z2",
      "label": "Endurance",
      "start_time": 281.0,
      "end_time": 291.0,
      "duration_seconds": 10.0,
      "height": 0.4699574468085107,
      "intensity_ratio": 0.7374468085106384,
      "average_value": 173.3
    },
    {
      "metric": "power",
      "zone": "Z3",
      "label": "Tempo",
      "start_time": 291.0,
      "end_time": 367.0,
      "duration_seconds": 76.0,
      "height": 0.4910265024262784,
      "intensity_ratio": 0.7618141097424411,
      "average_value": 179.02631578947367
    },
    {
      "metric": "power",
      "zone": "Z2",
      "label": "Endurance",
      "start_time": 367.0,
      "end_time": 401.0,
      "duration_seconds": 34.0,
      "height": 0.43909887359199,
      "intensity_ratio": 0.6988735919899876,
      "average_value": 164.23529411764707
    },
    {
      "metric": "power",
      "zone": "Z3",
      "label": "Tempo",
      "start_time": 401.0,
      "end_time": 412.0,
      "duration_seconds": 11.0,
      "height": 0.5082527401676338,
      "intensity_ratio": 0.7802707930367505,
      "average_value": 183.36363636363637
    },
    {
      "metric": "power",
      "zone": "Z2",
      "label": "Endurance",
      "start_time": 412.0,