{
  "duration": 2650,
  "ftp": 235.0,
  "items": [
    {
      "start": 0,
      "end": 181,
      "duration": 181,
      "classification": "recovery",
      "average_power": 117.81767955801105,
      "peak_power": 130.0,
      "normalized_power": 117.97844883267679,
      "intensity_factor": 0.5020359524794757,
      "power_ratio": 0.50135182790643,
      "time_above_95": 0.0,
      "time_above_106": 0.0,
      "time_above_120": 0.0,
      "time_above_150": 0.0,
      "heart_rate_avg": 118.95580110497238,
      "heart_rate_max": 130,
      "heart_rate_slope": 0.24861878453038674,
      "metadata": {
        "hr_percent_max": 0.6100297492562686
      }
    },
    {
      "start": 181,
      "end": 487,
      "duration": 306,
      "classification": "endurance",
      "average_power": 145.12745098039215,
      "peak_power": 165.0,
      "normalized_power": 145.7684235794246,
      "intensity_factor": 0.6202911641677642,
      "power_ratio": 0.6175636211931581,
      "time_above_95": 0.0,
      "time_above_106": 0.0,
      "time_above_120": 0.0,
      "time_above_150": 0.0,
      "heart_rate_avg": 134.09803921568627,
      "heart_rate_max": 142,
      "heart_rate_slope": 0.0392156862745098,
      "metadata": {
        "hr_percent_max": 0.6876822523881347
      }
    },
    {
      "start": 487,
      "end": 601,
      "duration": 114,
      "classification": "recovery",
      "average_power": 109.42105263157895,
      "peak_power": 110.0,
      "normalized_power": 109.39493559722453,
      "intensity_factor": 0.46551036424350867,
      "power_ratio": 0.4656215005599104,
      "time_above_95": 0.0,
      "time_above_106": 0.0,
      "time_above_120": 0.0,
      "time_above_150": 0.0,
      "heart_rate_avg": 132.3421052631579,
      "heart_rate_max": 142,
      "heart_rate_slope": -0.10526315789473684,
      "metadata": {
        "hr_percent_max": 0.6786774628879891
      }
    },
    {
      "start": 601,
      "end": 733,
      "duration": 132,
      "classification": "endurance",
      "average_power": 183.24242424242425,
      "peak_power": 240.0,
      "normalized_power": 183.3089487422526,
      "intensity_factor": 0.7800380797542664,
      "power_ratio": 0.7797549967762734,
      "time_above_95": 0.11363636363636363,
      "time_above_106": 0.0,
      "time_above_120": 0.0,
      "time_above_150": 0.0,
      "heart_rate_avg": 144.24242424242425,
      "heart_rate_max": 150,
      "heart_rate_slope": 0.14393939393939395,
      "metadata": {
        "hr_percent_max": 0.7397047397047397
      }
    },
    {
      "start": 733,
      "end": 883,
      "duration": 150,
      "classification": "tempo",
      "average_power": 191.54666666666665,
      "peak_power": 240.0,
      "normalized_power": 192.91832101663465,
      "intensity_factor": 0.8209290256027006,
      "power_ratio": 0.8150921985815602,
      "time_above_95": 0.1,
      "time_above_106": 0.0,
      "time_above_120": 0.0,
      "time_above_150": 0.0,
      "heart_rate_avg": 151.2,
      "heart_rate_max": 158,
      "heart_rate_slope": 0.06,
      "metadata": {
        "hr_percent_max": 0.7753846153846153
      }
    },
    {
      "start": 883,
      "end": 973,
      "duration": 90,
      "classification": "endurance",
      "average_power": 170.6888888888889,
      "peak_power": 175.0,
      "normalized_power": 170.69595613831856,
      "intensity_factor": 0.7263657708013556,
      "power_ratio": 0.7263356973995272,
      "time_above_95": 0.0,
      "time_above_106": 0.0,
      "time_above_120": 0.0,
      "time_above_150": 0.0,
      "heart_rate_avg": 155.5222222222222,
      "heart_rate_max": 158,
      "heart_rate_slope": -0.044444444444444446,
      "metadata": {
        "hr_percent_max": 0.7975498575498575
      }
    },
    {
      "start": 973,
      "end": 1123,
      "duration": 150,
      "classification": "tempo",
      "average_power": 191.92666666666668,
      "peak_power": 240.0,
      "normalized_power": 193.3748295550182,
      "intensity_factor": 0.8228716151277371,
      "power_ratio": 0.816709219858156,
      "time_above_95": 0.1,
      "time_above_106": 0.0,
      "time_above_120": 0.0,
      "time_above_150": 0.0,
      "heart_rate_avg": 153.82,
      "heart_rate_max": 161,
      "heart_rate_slope": 0.04666666666666667,
      "metadata": {
        "hr_percent_max": 0.7888205128205128
      }
    },
    {
      "start": 1123,
      "end": 1214,
      "duration": 91,
      "classification": "endurance",
      "average_power": 170.7032967032967,
      "peak_power": 175.0,
      "normalized_power": 170.7496232730164,
      "intensity_factor": 0.7265941415873038,
      "power_ratio": 0.7263970072480711,
      "time_above_95": 0.0,
      "time_above_106": 0.0,
      "time_above_120": 0.0,
      "time_above_150": 0.0,
      "heart_rate_avg": 155.13186813186815,
      "heart_rate_max": 160,
      "heart_rate_slope": -0.12087912087912088,
      "metadata": {
        "hr_percent_max": 0.795548041701888
      }
    },
    {
      "start": 1214,
      "end": 1330,
      "duration": 116,
      "classification": "tempo",
      "average_power": 179.05172413793105,
      "peak_power": 190.0,
      "normalized_power": 179.76409820870342,
      "intensity_factor": 0.7649536093987379,
      "power_ratio": 0.7619222303741746,
      "time_above_95": 0.0,
      "time_above_106": 0.0,
      "time_above_120": 0.0,
      "time_above_150": 0.0,
      "heart_rate_avg": 151.99137931034483,
      "heart_rate_max": 157,
      "heart_rate_slope": 0.04310344827586207,
      "metadata": {
        "hr_percent_max": 0.7794429708222812
      }
    },
    {
      "start": 1330,
      "end": 1621,
      "duration": 291,
      "classification": "recovery",
      "average_power": 109.48453608247422,
      "peak_power": 110.0,
      "normalized_power": 109.49540209574131,
      "intensity_factor": 0.4659378812584737,
      "power_ratio": 0.46589164290414564,
      "time_above_95": 0.0,
      "time_above_106": 0.0,
      "time_above_120": 0.0,
      "time_above_150": 0.0,
      "heart_rate_avg": 140.5463917525773,
      "heart_rate_max": 154,
      "heart_rate_slope": -0.058419243986254296,
      "metadata": {
        "hr_percent_max": 0.7207507269362938
      }
    },
    {
      "start": 1621,
      "end": 1754,
      "duration": 133,
      "classification": "endurance",
      "average_power": 183.06015037593986,
      "peak_power": 240.0,
      "normalized_power": 183.25414838566033,
      "intensity_factor": 0.7798048867474907,
      "power_ratio": 0.7789793633018717,
      "time_above_95": 0.11278195488721804,
      "time_above_106": 0.0,
      "time_above_120": 0.0,
      "time_above_150": 0.0,
      "heart_rate_avg": 152.01503759398497,
      "heart_rate_max": 157,
      "heart_rate_slope": 0.12030075187969924,
      "metadata": {
        "hr_percent_max": 0.779564295353769
      }
    },
    {
      "start": 1754,
      "end": 1903,
      "duration": 149,
      "classification": "tempo",
      "average_power": 192.15436241610738,
      "peak_power": 240.0,
      "normalized_power": 193.5757450588255,
      "intensity_factor": 0.8237265747184064,
      "power_ratio": 0.8176781379408824,
      "time_above_95": 0.10067114093959731,
      "time_above_106": 0.0,
      "time_above_120": 0.0,
      "time_above_150": 0.0,
      "heart_rate_avg": 156.8523489932886,
      "heart_rate_max": 166,
      "heart_rate_slope": 0.08053691275167785,
      "metadata": {
        "hr_percent_max": 0.804371020478403
      }
    },
    {
      "start": 1903,
      "end": 1993,
      "duration": 90,
      "classification": "endurance",
      "average_power": 170.66666666666666,
      "peak_power": 175.0,
      "normalized_power": 170.68105111727905,
      "intensity_factor": 0.7263023451799109,
      "power_ratio": 0.726241134751773,
      "time_above_95": 0.0,
      "time_above_106": 0.0,
      "time_above_120": 0.0,
      "time_above_150": 0.0,
      "heart_rate_avg": 159.43333333333334,
      "heart_rate_max": 165,