{
  "duration": 5120,
  "ftp": 235.0,
  "items": [
    {
      "start": 0,
      "end": 121,
      "duration": 121,
      "classification": "recovery",
      "average_power": 122.52066115702479,
      "peak_power": 130.0,
      "normalized_power": 121.83347475602353,
      "intensity_factor": 0.5184403181107384,
      "power_ratio": 0.5213645155618076,
      "time_above_95": 0.0,
      "time_above_106": 0.0,
      "time_above_120": 0.0,
      "time_above_150": 0.0,
      "heart_rate_avg": 110.14049586776859,
      "heart_rate_max": 127,
      "heart_rate_slope": 0.4049586776859504,
      "metadata": {
        "hr_percent_max": 0.5648230557321466
      }
    },
    {
      "start": 121,
      "end": 888,
      "duration": 767,
      "classification": "endurance",
      "average_power": 160.77574967405477,
      "peak_power": 175.0,
      "normalized_power": 162.76015284112785,
      "intensity_factor": 0.6925963950686291,
      "power_ratio": 0.6841521262725735,
      "time_above_95": 0.0,
      "time_above_106": 0.0,
      "time_above_120": 0.0,
      "time_above_150": 0.0,
      "heart_rate_avg": 144.97653194263364,
      "heart_rate_max": 156,
      "heart_rate_slope": 0.03650586701434159,
      "metadata": {
        "hr_percent_max": 0.7434693945776084
      }
    },
    {
      "start": 888,
      "end": 2102,
      "duration": 1214,
      "classification": "threshold",
      "average_power": 195.8533772652389,
      "peak_power": 225.0,
      "normalized_power": 204.90490135774866,
      "intensity_factor": 0.8719357504585049,
      "power_ratio": 0.8334186266605911,
      "time_above_95": 0.6878088962108732,
      "time_above_106": 0.0,
      "time_above_120": 0.0,
      "time_above_150": 0.0,
      "heart_rate_avg": 164.165568369028,
      "heart_rate_max": 173,
      "heart_rate_slope": 0.015650741350906095,
      "metadata": {
        "hr_percent_max": 0.841874709584759
      }
    },
    {
      "start": 2102,
      "end": 2509,
      "duration": 407,
      "classification": "endurance",
      "average_power": 167.9090909090909,
      "peak_power": 175.0,
      "normalized_power": 169.66755877245274,
      "intensity_factor": 0.7219896117976712,
      "power_ratio": 0.7145067698259188,
      "time_above_95": 0.0,
      "time_above_106": 0.0,
      "time_above_120": 0.0,
      "time_above_150": 0.0,
      "heart_rate_avg": 165.23095823095824,
      "heart_rate_max": 174,
      "heart_rate_slope": -0.036855036855036855,
      "metadata": {
        "hr_percent_max": 0.8473382473382474
      }
    },
    {
      "start": 2509,
      "end": 2776,
      "duration": 267,
      "classification": "tempo",
      "average_power": 210.41947565543072,
      "peak_power": 215.0,
      "normalized_power": 210.9712407493206,
      "intensity_factor": 0.8977499606354068,
      "power_ratio": 0.8954020240656626,
      "time_above_95": 0.0,
      "time_above_106": 0.0,
      "time_above_120": 0.0,
      "time_above_150": 0.0,
      "heart_rate_avg": 172.72284644194755,
      "heart_rate_max": 175,
      "heart_rate_slope": 0.056179775280898875,
      "metadata": {
        "hr_percent_max": 0.8857581868817823
      }
    },
    {
      "start": 2776,
      "end": 3108,
      "duration": 332,
      "classification": "endurance",
      "average_power": 174.49397590361446,
      "peak_power": 175.0,
      "normalized_power": 174.50326006838122,
      "intensity_factor": 0.7425670641207711,
      "power_ratio": 0.7425275570366573,
      "time_above_95": 0.0,
      "time_above_106": 0.0,
      "time_above_120": 0.0,
      "time_above_150": 0.0,
      "heart_rate_avg": 168.46385542168676,
      "heart_rate_max": 176,
      "heart_rate_slope": -0.02710843373493976,
      "metadata": {
        "hr_percent_max": 0.8639172072907013
      }
    },
    {
      "start": 3108,
      "end": 3350,
      "duration": 242,
      "classification": "threshold",
      "average_power": 221.70247933884298,
      "peak_power": 225.0,
      "normalized_power": 222.12421695129245,
      "intensity_factor": 0.945209433835287,
      "power_ratio": 0.9434148056972042,
      "time_above_95": 0.9421487603305785,
      "time_above_106": 0.0,
      "time_above_120": 0.0,
      "time_above_150": 0.0,
      "heart_rate_avg": 173.6694214876033,
      "heart_rate_max": 178,
      "heart_rate_slope": 0.049586776859504134,
      "metadata": {
        "hr_percent_max": 0.8906124178851451
      }
    },
    {
      "start": 3350,
      "end": 3730,
      "duration": 380,
      "classification": "endurance",
      "average_power": 177.35526315789474,
      "peak_power": 235.0,
      "normalized_power": 178.2723713991742,
      "intensity_factor": 0.7586058357411668,
      "power_ratio": 0.7547032474804032,
      "time_above_95": 0.05263157894736842,
      "time_above_106": 0.0,
      "time_above_120": 0.0,
      "time_above_150": 0.0,
      "heart_rate_avg": 173.32105263157894,
      "heart_rate_max": 180,
      "heart_rate_slope": -0.007894736842105263,
      "metadata": {
        "hr_percent_max": 0.888825910931174
      }
    },
    {
      "start": 3730,
      "end": 3953,
      "duration": 223,
      "classification": "threshold",
      "average_power": 234.48430493273543,
      "peak_power": 235.0,
      "normalized_power": 234.48395434017166,
      "intensity_factor": 0.997804061022007,
      "power_ratio": 0.9978055529052572,
      "time_above_95": 1.0,
      "time_above_106": 0.0,
      "time_above_120": 0.0,
      "time_above_150": 0.0,
      "heart_rate_avg": 179.37219730941703,
      "heart_rate_max": 182,
      "heart_rate_slope": 0.03139013452914798,
      "metadata": {
        "hr_percent_max": 0.9198574220995746
      }
    },
    {
      "start": 3953,
      "end": 4325,
      "duration": 372,
      "classification": "endurance",
      "average_power": 176.58870967741936,
      "peak_power": 250.0,
      "normalized_power": 177.82278653497784,
      "intensity_factor": 0.7566927086594801,
      "power_ratio": 0.7514413177762526,
      "time_above_95": 0.03225806451612903,
      "time_above_106": 0.002688172043010753,
      "time_above_120": 0.0,
      "time_above_150": 0.0,
      "heart_rate_avg": 175.7258064516129,
      "heart_rate_max": 183,
      "heart_rate_slope": -0.008064516129032258,
      "metadata": {
        "hr_percent_max": 0.9011579818031431
      }
    },
    {
      "start": 4325,
      "end": 4559,
      "duration": 234,
      "classification": "vo2max",
      "average_power": 249.53418803418805,
      "peak_power": 250.0,
      "normalized_power": 249.546508733545,
      "intensity_factor": 1.0619000371640213,
      "power_ratio": 1.0618476086561193,
      "time_above_95": 1.0,
      "time_above_106": 0.5341880341880342,
      "time_above_120": 0.0,
      "time_above_150": 0.0,
      "heart_rate_avg": 184.83333333333334,
      "heart_rate_max": 190,
      "heart_rate_slope": 0.021367521367521368,
      "metadata": {
        "hr_percent_max": 0.9478632478632479
      }
    },
    {
      "start": 4559,
      "end": 5014,
      "duration": 455,
      "classification": "endurance",
      "average_power": 153.65714285714284,
      "peak_power": 249.0,
      "normalized_power": 156.78311715960317,
      "intensity_factor": 0.6671622006791624,
      "power_ratio": 0.6538601823708207,
      "time_above_95": 0.006593406593406593,
      "time_above_106": 0.0,
      "time_above_120": 0.0,
      "time_above_150": 0.0,
      "heart_rate_avg": 172.60659340659342,
      "heart_rate_max": 185,
      "heart_rate_slope": -0.03956043956043956,
      "metadata": {
        "hr_percent_max": 0.8851620174697098
      }
    },
    {
      "start": 5014,
      "end": 5121,
      "duration": 107,
      "classification": "recovery",
      "average_power": 103.85981308411215,
      "peak_power": 130.0,
      "normalized_power": 115.85427859223341,
      "intensity_factor": 0.49299693017971663,
      "power_ratio": 0.44195665142175383,
      "time_above_95": 0.0,
      "time_above_106": 0.0,