{
  "duration": 2180,
  "ftp": 235.0,
  "items": [
    {
      "start": 0,
      "end": 720,
      "duration": 720,
      "classification": "tempo",
      "average_power": 186.19861111111112,
      "peak_power": 223.0,
      "normalized_power": 187.96100352130568,
      "intensity_factor": 0.7998340575374709,
      "power_ratio": 0.7923345153664303,
      "time_above_95": 0.0,
      "time_above_106": 0.0,
      "time_above_120": 0.0,
      "time_above_150": 0.0,
      "heart_rate_avg": 153.3972222222222,
      "heart_rate_max": 163,
      "heart_rate_slope": 0.04027777777777778,
      "metadata": {
        "hr_percent_max": 0.7866524216524216
      }
    },
    {
      "start": 720,
      "end": 1422,
      "duration": 702,
      "classification": "endurance",
      "average_power": 164.994301994302,
      "peak_power": 195.0,
      "normalized_power": 165.38045909477657,
      "intensity_factor": 0.7037466344458577,
      "power_ratio": 0.7021034127417106,
      "time_above_95": 0.0,
      "time_above_106": 0.0,
      "time_above_120": 0.0,
      "time_above_150": 0.0,
      "heart_rate_avg": 153.22507122507122,
      "heart_rate_max": 163,
      "heart_rate_slope": 0.004273504273504274,
      "metadata": {
        "hr_percent_max": 0.7857695960260063
      }
    },
    {
      "start": 1422,
      "end": 1820,
      "duration": 398,
      "classification": "tempo",
      "average_power": 204.77638190954775,
      "peak_power": 226.0,
      "normalized_power": 205.2052774831685,
      "intensity_factor": 0.8732139467368871,
      "power_ratio": 0.8713888591895649,
      "time_above_95": 0.005025125628140704,
      "time_above_106": 0.0,
      "time_above_120": 0.0,
      "time_above_150": 0.0,
      "heart_rate_avg": 171.71859296482413,
      "heart_rate_max": 178,
      "heart_rate_slope": 0.04271356783919598,
      "metadata": {
        "hr_percent_max": 0.8806081690503801
      }
    },
    {
      "start": 1820,
      "end": 2181,
      "duration": 361,
      "classification": "vo2max",
      "average_power": 238.32686980609418,
      "peak_power": 270.0,
      "normalized_power": 245.23083936788348,
      "intensity_factor": 1.0435354866718445,
      "power_ratio": 1.01415689279189,
      "time_above_95": 0.9030470914127424,
      "time_above_106": 0.5844875346260388,
      "time_above_120": 0.0,
      "time_above_150": 0.0,
      "heart_rate_avg": 187.06648199445982,
      "heart_rate_max": 193,
      "heart_rate_slope": -0.024930747922437674,
      "metadata": {
        "hr_percent_max": 0.9593152922792811
      }
    }
  ],
  "preview_image": "data/zone_previews/strava_14104086868_zones.png",
  "zone_segments": [
    {
      "metric": "power",
      "zone": "Z3",
      "label": "Tempo",
      "start_time": 11.0,
      "end_time": 16.0,
      "duration_seconds": 5.0,
      "height": 0.5520851063829788,
      "intensity_ratio": 0.8272340425531916,
      "average_value": 194.4
    },
    {
      "metric": "power",
      "zone": "Z4",
      "label": "Threshold",
      "start_time": 16.0,
      "end_time": 27.0,
      "duration_seconds": 11.0,
      "height": 0.6540425531914893,
      "intensity_ratio": 0.9319148936170213,
      "average_value": 219.0
    },
    {
      "metric": "power",
      "zone": "Z3",
      "label": "Tempo",
      "start_time": 27.0,
      "end_time": 266.0,
      "duration_seconds": 239.0,
      "height": 0.5273812279296122,
      "intensity_ratio": 0.8007656013531559,
      "average_value": 188.17991631799163
    },
    {
      "metric": "power",
      "zone": "Z3",
      "label": "Tempo",
      "start_time": 266.0,
      "end_time": 529.0,
      "duration_seconds": 263.0,
      "height": 0.5504511501226977,
      "intensity_ratio": 0.8254833751314619,
      "average_value": 193.98859315589354
    },
    {
      "metric": "power",
      "zone": "Z2",
      "label": "Endurance",
      "start_time": 529.0,
      "end_time": 548.0,
      "duration_seconds": 19.0,
      "height": 0.4775363941769316,
      "intensity_ratio": 0.7469204927211646,
      "average_value": 175.52631578947367
    },
    {
      "metric": "power",
      "zone": "Z3",
      "label": "Tempo",
      "start_time": 548.0,
      "end_time": 575.0,
      "duration_seconds": 27.0,
      "height": 0.5013659049120042,
      "intensity_ratio": 0.7728920409771474,
      "average_value": 181.62962962962962
    },
    {
      "metric": "power",
      "zone": "Z2",
      "label": "Endurance",
      "start_time": 575.0,
      "end_time": 598.0,
      "duration_seconds": 23.0,
      "height": 0.47441258094357075,
      "intensity_ratio": 0.7430157261794634,
      "average_value": 174.6086956521739
    },
    {
      "metric": "power",
      "zone": "Z3",
      "label": "Tempo",
      "start_time": 598.0,
      "end_time": 655.0,
      "duration_seconds": 57.0,
      "height": 0.5361428393679234,
      "intensity_ratio": 0.8101530421799179,
      "average_value": 190.3859649122807
    },
    {
      "metric": "power",
      "zone": "Z2",
      "label": "Endurance",
      "start_time": 655.0,
      "end_time": 662.0,
      "duration_seconds": 7.0,
      "height": 0.47623100303951366,
      "intensity_ratio": 0.7452887537993921,
      "average_value": 175.14285714285714
    },
    {
      "metric": "power",
      "zone": "Z3",
      "label": "Tempo",
      "start_time": 662.0,
      "end_time": 671.0,
      "duration_seconds": 9.0,
      "height": 0.48342001576044125,
      "intensity_ratio": 0.7536643026004728,
      "average_value": 177.11111111111111
    },
    {
      "metric": "power",
      "zone": "Z2",
      "label": "Endurance",
      "start_time": 671.0,
      "end_time": 676.0,
      "duration_seconds": 5.0,
      "height": 0.4791489361702127,
      "intensity_ratio": 0.7489361702127659,
      "average_value": 176.0
    },
    {
      "metric": "power",
      "zone": "Z3",
      "label": "Tempo",
      "start_time": 676.0,
      "end_time": 708.0,
      "duration_seconds": 32.0,
      "height": 0.4992375886524823,
      "intensity_ratio": 0.7706117021276596,
      "average_value": 181.09375
    },
    {
      "metric": "power",
      "zone": "Z2",
      "label": "Endurance",
      "start_time": 708.0,
      "end_time": 718.0,
      "duration_seconds": 10.0,
      "height": 0.468595744680851,
      "intensity_ratio": 0.7357446808510638,
      "average_value": 172.9
    },
    {
      "metric": "power",
      "zone": "Z3",
      "label": "Tempo",
      "start_time": 718.0,
      "end_time": 731.0,
      "duration_seconds": 13.0,
      "height": 0.486644844517185,
      "intensity_ratio": 0.7571194762684125,
      "average_value": 177.92307692307693
    },
    {
      "metric": "power",
      "zone": "Z2",
      "label": "Endurance",
      "start_time": 731.0,
      "end_time": 882.0,
      "duration_seconds": 151.0,
      "height": 0.4338114696350571,
      "intensity_ratio": 0.6922643370438214,
      "average_value": 162.68211920529802
    },
    {
      "metric": "power",
      "zone": "Z3",
      "label": "Tempo",
      "start_time": 882.0,
      "end_time": 888.0,
      "duration_seconds": 6.0,
      "height": 0.504160756501182,
      "intensity_ratio": 0.775886524822695,
      "average_value": 182.33333333333334
    },
    {
      "metric": "power",
      "zone": "Z2",
      "label": "Endurance",
      "start_time": 888.0,
      "end_time": 931.0,
      "duration_seconds": 43.0,
      "height": 0.4602276100940129,
      "intensity_ratio": 0.7252845126175161,
      "average_value": 170.4418604651163
    },
    {
      "metric": "power",
      "zone": "Z2",
      "label": "Endurance",
      "start_time": 931.0,
      "end_time": 1012.0,
      "duration_seconds": 81.0,
      "height": 0.43464144996059884,
      "intensity_ratio": 0.6933018124507486,
      "average_value": 162.92592592592592
    },
    {
      "metric": "power",
      "zone": "Z3",
      "label": "Tempo",
      "start_time": 1012.0,
      "end_time": 1027.0,
      "duration_seconds": 15.0,