{
  "duration": 2456,
  "ftp": 235.0,
  "items": [
    {
      "start": 0,
      "end": 334,
      "duration": 334,
      "classification": "tempo",
      "average_power": 176.15269461077844,
      "peak_power": 226.0,
      "normalized_power": 178.67670620609087,
      "intensity_factor": 0.7603264093876207,
      "power_ratio": 0.7495859345139508,
      "time_above_95": 0.0029940119760479044,
      "time_above_106": 0.0,
      "time_above_120": 0.0,
      "time_above_150": 0.0,
      "heart_rate_avg": 132.12874251497007,
      "heart_rate_max": 140,
      "heart_rate_slope": 0.059880239520958084,
      "metadata": {
        "hr_percent_max": 0.6775832949485645
      }
    },
    {
      "start": 334,
      "end": 660,
      "duration": 326,
      "classification": "endurance",
      "average_power": 169.76073619631902,
      "peak_power": 178.0,
      "normalized_power": 169.8971681269627,
      "intensity_factor": 0.7229666728806923,
      "power_ratio": 0.7223861114736979,
      "time_above_95": 0.0,
      "time_above_106": 0.0,
      "time_above_120": 0.0,
      "time_above_150": 0.0,
      "heart_rate_avg": 134.53987730061348,
      "heart_rate_max": 139,
      "heart_rate_slope": 0.009202453987730062,
      "metadata": {
        "hr_percent_max": 0.6899480887210948
      }
    },
    {
      "start": 660,
      "end": 740,
      "duration": 80,
      "classification": "tempo",
      "average_power": 179.75,
      "peak_power": 182.0,
      "normalized_power": 179.7233596824575,
      "intensity_factor": 0.7647802539679043,
      "power_ratio": 0.7648936170212766,
      "time_above_95": 0.0,
      "time_above_106": 0.0,
      "time_above_120": 0.0,
      "time_above_150": 0.0,
      "heart_rate_avg": 137.6875,
      "heart_rate_max": 141,
      "heart_rate_slope": 0.0,
      "metadata": {
        "hr_percent_max": 0.7060897435897436
      }
    },
    {
      "start": 740,
      "end": 850,
      "duration": 110,
      "classification": "endurance",
      "average_power": 169.04545454545453,
      "peak_power": 177.0,
      "normalized_power": 169.22188613966756,
      "intensity_factor": 0.7200931325092237,
      "power_ratio": 0.7193423597678916,
      "time_above_95": 0.0,
      "time_above_106": 0.0,
      "time_above_120": 0.0,
      "time_above_150": 0.0,
      "heart_rate_avg": 131.27272727272728,
      "heart_rate_max": 135,
      "heart_rate_slope": 0.00909090909090909,
      "metadata": {
        "hr_percent_max": 0.6731934731934732
      }
    },
    {
      "start": 850,
      "end": 1254,
      "duration": 404,
      "classification": "tempo",
      "average_power": 182.19306930693068,
      "peak_power": 189.0,
      "normalized_power": 182.24334770458879,
      "intensity_factor": 0.7755036072535693,
      "power_ratio": 0.775289656625237,
      "time_above_95": 0.0,
      "time_above_106": 0.0,
      "time_above_120": 0.0,
      "time_above_150": 0.0,
      "heart_rate_avg": 140.5742574257426,
      "heart_rate_max": 145,
      "heart_rate_slope": 0.0049504950495049506,
      "metadata": {
        "hr_percent_max": 0.720893627824321
      }
    },
    {
      "start": 1254,
      "end": 1340,
      "duration": 86,
      "classification": "endurance",
      "average_power": 173.5581395348837,
      "peak_power": 177.0,
      "normalized_power": 173.6422314977841,
      "intensity_factor": 0.7389031127565281,
      "power_ratio": 0.7385452746165264,
      "time_above_95": 0.0,
      "time_above_106": 0.0,
      "time_above_120": 0.0,
      "time_above_150": 0.0,
      "heart_rate_avg": 138.62790697674419,
      "heart_rate_max": 142,
      "heart_rate_slope": 0.011627906976744186,
      "metadata": {
        "hr_percent_max": 0.710912343470483
      }
    },
    {
      "start": 1340,
      "end": 2457,
      "duration": 1117,
      "classification": "tempo",
      "average_power": 185.90152193375113,
      "peak_power": 210.0,
      "normalized_power": 186.27022869856697,
      "intensity_factor": 0.7926392710577318,
      "power_ratio": 0.7910703061010687,
      "time_above_95": 0.0,
      "time_above_106": 0.0,
      "time_above_120": 0.0,
      "time_above_150": 0.0,
      "heart_rate_avg": 139.2354521038496,
      "heart_rate_max": 145,
      "heart_rate_slope": 0.0008952551477170994,
      "metadata": {
        "hr_percent_max": 0.7140279595069211
      }
    }
  ],
  "preview_image": "data/zone_previews/strava_15830431567_zones.png",
  "zone_segments": [
    {
      "metric": "power",
      "zone": "Z3",
      "label": "Tempo",
      "start_time": 9.0,
      "end_time": 23.0,
      "duration_seconds": 14.0,
      "height": 0.5181560283687944,
      "intensity_ratio": 0.7908814589665654,
      "average_value": 185.85714285714286
    },
    {
      "metric": "power",
      "zone": "Z2",
      "label": "Endurance",
      "start_time": 23.0,
      "end_time": 50.0,
      "duration_seconds": 27.0,
      "height": 0.45431048069345936,
      "intensity_ratio": 0.7178881008668242,
      "average_value": 168.7037037037037
    },
    {
      "metric": "power",
      "zone": "Z3",
      "label": "Tempo",
      "start_time": 50.0,
      "end_time": 56.0,
      "duration_seconds": 6.0,
      "height": 0.48364066193853417,
      "intensity_ratio": 0.7539007092198581,
      "average_value": 177.16666666666666
    },
    {
      "metric": "power",
      "zone": "Z2",
      "label": "Endurance",
      "start_time": 56.0,
      "end_time": 65.0,
      "duration_seconds": 9.0,
      "height": 0.47044917257683216,
      "intensity_ratio": 0.7380614657210403,
      "average_value": 173.44444444444446
    },
    {
      "metric": "power",
      "zone": "Z3",
      "label": "Tempo",
      "start_time": 65.0,
      "end_time": 235.0,
      "duration_seconds": 170.0,
      "height": 0.5137471839799749,
      "intensity_ratio": 0.7861576971214017,
      "average_value": 184.74705882352941
    },
    {
      "metric": "power",
      "zone": "Z2",
      "label": "Endurance",
      "start_time": 235.0,
      "end_time": 258.0,
      "duration_seconds": 23.0,
      "height": 0.4738205365402405,
      "intensity_ratio": 0.7422756706753006,
      "average_value": 174.43478260869566
    },
    {
      "metric": "power",
      "zone": "Z3",
      "label": "Tempo",
      "start_time": 258.0,
      "end_time": 337.0,
      "duration_seconds": 79.0,
      "height": 0.492178831133854,
      "intensity_ratio": 0.763048747643415,
      "average_value": 179.31645569620252
    },
    {
      "metric": "power",
      "zone": "Z2",
      "label": "Endurance",
      "start_time": 337.0,
      "end_time": 458.0,
      "duration_seconds": 121.0,
      "height": 0.45695094074204323,
      "intensity_ratio": 0.7211886759275541,
      "average_value": 169.4793388429752
    },
    {
      "metric": "power",
      "zone": "Z3",
      "label": "Tempo",
      "start_time": 458.0,
      "end_time": 463.0,
      "duration_seconds": 5.0,
      "height": 0.4829787234042553,
      "intensity_ratio": 0.7531914893617021,
      "average_value": 177.0
    },
    {
      "metric": "power",
      "zone": "Z2",
      "label": "Endurance",
      "start_time": 463.0,
      "end_time": 652.0,
      "duration_seconds": 189.0,
      "height": 0.4562917933130699,
      "intensity_ratio": 0.7203647416413373,
      "average_value": 169.28571428571428
    },
    {
      "metric": "power",
      "zone": "Z3",
      "label": "Tempo",
      "start_time": 652.0,
      "end_time": 741.0,
      "duration_seconds": 89.0,
      "height": 0.49315323930193644,
      "intensity_ratio": 0.7640927563949319,
      "average_value": 179.56179775280899
    },
    {
      "metric": "power",
      "zone": "Z2",
      "label": "Endurance",
      "start_time": 741.0,
      "end_time": 854.0,
      "duration_seconds": 113.0,
      "height": 0.45601205046130666,
      "intensity_ratio": 0.7200150630766333,
      "average_value": 169.20353982300884
    },
    {
      "metric": "power",
      "zone": "Z3",