{
  "duration": 3334,
  "ftp": 235.0,
  "items": [
    {
      "start": 0,
      "end": 235,
      "duration": 235,
      "classification": "recovery",
      "average_power": 113.65957446808511,
      "peak_power": 125.0,
      "normalized_power": 114.69827523597927,
      "intensity_factor": 0.4880777669616139,
      "power_ratio": 0.48365776369397917,
      "time_above_95": 0.0,
      "time_above_106": 0.0,
      "time_above_120": 0.0,
      "time_above_150": 0.0,
      "heart_rate_avg": 117.51489361702127,
      "heart_rate_max": 131,
      "heart_rate_slope": 0.18723404255319148,
      "metadata": {
        "hr_percent_max": 0.6026404800872885
      }
    },
    {
      "start": 235,
      "end": 741,
      "duration": 506,
      "classification": "endurance",
      "average_power": 142.45454545454547,
      "peak_power": 210.0,
      "normalized_power": 145.58902708440655,
      "intensity_factor": 0.619527774827262,
      "power_ratio": 0.6061895551257254,
      "time_above_95": 0.0,
      "time_above_106": 0.0,
      "time_above_120": 0.0,
      "time_above_150": 0.0,
      "heart_rate_avg": 142.67193675889328,
      "heart_rate_max": 150,
      "heart_rate_slope": 0.03162055335968379,
      "metadata": {
        "hr_percent_max": 0.7316509577379142
      }
    },
    {
      "start": 741,
      "end": 852,
      "duration": 111,
      "classification": "threshold",
      "average_power": 235.2072072072072,
      "peak_power": 275.0,
      "normalized_power": 234.146983814697,
      "intensity_factor": 0.9963701438923276,
      "power_ratio": 1.0008817327966264,
      "time_above_95": 0.36036036036036034,
      "time_above_106": 0.36036036036036034,
      "time_above_120": 0.0,
      "time_above_150": 0.0,
      "heart_rate_avg": 162.3063063063063,
      "heart_rate_max": 170,
      "heart_rate_slope": 0.26126126126126126,
      "metadata": {
        "hr_percent_max": 0.8323400323400324
      }
    },
    {
      "start": 852,
      "end": 926,
      "duration": 74,
      "classification": "tempo",
      "average_power": 183.95945945945945,
      "peak_power": 218.0,
      "normalized_power": 184.3314213739613,
      "intensity_factor": 0.7843890271232395,
      "power_ratio": 0.7828062104657849,
      "time_above_95": 0.0,
      "time_above_106": 0.0,
      "time_above_120": 0.0,
      "time_above_150": 0.0,
      "heart_rate_avg": 168.1081081081081,
      "heart_rate_max": 170,
      "heart_rate_slope": -0.02702702702702703,
      "metadata": {
        "hr_percent_max": 0.8620928620928621
      }
    },
    {
      "start": 926,
      "end": 1170,
      "duration": 244,
      "classification": "recovery",
      "average_power": 111.72131147540983,
      "peak_power": 115.0,
      "normalized_power": 112.26484122323927,
      "intensity_factor": 0.4777227286095288,
      "power_ratio": 0.47540983606557374,
      "time_above_95": 0.0,
      "time_above_106": 0.0,
      "time_above_120": 0.0,
      "time_above_150": 0.0,
      "heart_rate_avg": 147.70081967213116,
      "heart_rate_max": 166,
      "heart_rate_slope": -0.11475409836065574,
      "metadata": {
        "hr_percent_max": 0.757440100882724
      }
    },
    {
      "start": 1170,
      "end": 1606,
      "duration": 436,
      "classification": "tempo",
      "average_power": 177.151376146789,
      "peak_power": 180.0,
      "normalized_power": 177.488584014497,
      "intensity_factor": 0.7552705702744553,
      "power_ratio": 0.7538356431778256,
      "time_above_95": 0.0,
      "time_above_106": 0.0,
      "time_above_120": 0.0,
      "time_above_150": 0.0,
      "heart_rate_avg": 158.3348623853211,
      "heart_rate_max": 166,
      "heart_rate_slope": 0.05504587155963303,
      "metadata": {
        "hr_percent_max": 0.8119736532580568
      }
    },
    {
      "start": 1606,
      "end": 1856,
      "duration": 250,
      "classification": "recovery",
      "average_power": 114.472,
      "peak_power": 195.0,
      "normalized_power": 114.65968334887421,
      "intensity_factor": 0.48791354616542215,
      "power_ratio": 0.48711489361702126,
      "time_above_95": 0.0,
      "time_above_106": 0.0,
      "time_above_120": 0.0,
      "time_above_150": 0.0,
      "heart_rate_avg": 148.968,
      "heart_rate_max": 164,
      "heart_rate_slope": -0.052,
      "metadata": {
        "hr_percent_max": 0.7639384615384615
      }
    },
    {
      "start": 1856,
      "end": 1966,
      "duration": 110,
      "classification": "threshold",
      "average_power": 235.25454545454545,
      "peak_power": 275.0,
      "normalized_power": 234.02255230018096,
      "intensity_factor": 0.9958406480858765,
      "power_ratio": 1.001083172147002,
      "time_above_95": 0.36363636363636365,
      "time_above_106": 0.35454545454545455,
      "time_above_120": 0.0,
      "time_above_150": 0.0,
      "heart_rate_avg": 162.29090909090908,
      "heart_rate_max": 173,
      "heart_rate_slope": 0.2,
      "metadata": {
        "hr_percent_max": 0.8322610722610723
      }
    },
    {
      "start": 1966,
      "end": 2040,
      "duration": 74,
      "classification": "tempo",
      "average_power": 184.01351351351352,
      "peak_power": 231.0,
      "normalized_power": 183.7251946557382,
      "intensity_factor": 0.781809338960588,
      "power_ratio": 0.7830362277170788,
      "time_above_95": 0.013513513513513514,
      "time_above_106": 0.0,
      "time_above_120": 0.0,
      "time_above_150": 0.0,
      "heart_rate_avg": 169.77027027027026,
      "heart_rate_max": 173,
      "heart_rate_slope": -0.013513513513513514,
      "metadata": {
        "hr_percent_max": 0.8706167706167706
      }
    },
    {
      "start": 2040,
      "end": 2261,
      "duration": 221,
      "classification": "recovery",
      "average_power": 112.08144796380091,
      "peak_power": 115.0,
      "normalized_power": 112.47109606042983,
      "intensity_factor": 0.47860040876778653,
      "power_ratio": 0.47694233176085493,
      "time_above_95": 0.0,
      "time_above_106": 0.0,
      "time_above_120": 0.0,
      "time_above_150": 0.0,
      "heart_rate_avg": 153.5158371040724,
      "heart_rate_max": 171,
      "heart_rate_slope": -0.09954751131221719,
      "metadata": {
        "hr_percent_max": 0.7872607030978072
      }
    },
    {
      "start": 2261,
      "end": 2698,
      "duration": 437,
      "classification": "tempo",
      "average_power": 177.03890160183067,
      "peak_power": 180.0,
      "normalized_power": 177.43716546225377,
      "intensity_factor": 0.7550517679244841,
      "power_ratio": 0.7533570280928965,
      "time_above_95": 0.0,
      "time_above_106": 0.0,
      "time_above_120": 0.0,
      "time_above_150": 0.0,
      "heart_rate_avg": 163.60183066361557,
      "heart_rate_max": 172,
      "heart_rate_slope": 0.04805491990846682,
      "metadata": {
        "hr_percent_max": 0.8389837469929003
      }
    },
    {
      "start": 2698,
      "end": 2908,
      "duration": 210,
      "classification": "recovery",
      "average_power": 113.53809523809524,
      "peak_power": 209.0,
      "normalized_power": 114.06809633391713,
      "intensity_factor": 0.4853961546124133,
      "power_ratio": 0.48314083080040526,
      "time_above_95": 0.0,
      "time_above_106": 0.0,
      "time_above_120": 0.0,
      "time_above_150": 0.0,
      "heart_rate_avg": 156.48095238095237,
      "heart_rate_max": 168,
      "heart_rate_slope": -0.08571428571428572,
      "metadata": {
        "hr_percent_max": 0.8024664224664224
      }
    },
    {
      "start": 2908,
      "end": 3020,
      "duration": 112,
      "classification": "threshold",
      "average_power": 234.80357142857142,
      "peak_power": 275.0,
      "normalized_power": 234.84313173662306,
      "intensity_factor": 0.9993324754749917,
      "power_ratio": 0.9991641337386018,
      "time_above_95": 0.36607142857142855,
      "time_above_106": 0.3482142857142857,
      "time_above_120": 0.0,
      "time_above_150": 0.0,