{
  "duration": 2448,
  "ftp": 235.0,
  "items": [
    {
      "start": 0,
      "end": 1299,
      "duration": 1299,
      "classification": "tempo",
      "average_power": 198.43879907621246,
      "peak_power": 235.0,
      "normalized_power": 200.1426876802584,
      "intensity_factor": 0.851671011405355,
      "power_ratio": 0.8444204216009041,
      "time_above_95": 0.02617397998460354,
      "time_above_106": 0.0,
      "time_above_120": 0.0,
      "time_above_150": 0.0,
      "heart_rate_avg": 144.20862201693612,
      "heart_rate_max": 155,
      "heart_rate_slope": 0.03926096997690531,
      "metadata": {
        "hr_percent_max": 0.7395313949586467
      }
    },
    {
      "start": 1299,
      "end": 1356,
      "duration": 57,
      "classification": "threshold",
      "average_power": 227.26315789473685,
      "peak_power": 245.0,
      "normalized_power": 227.51132492530948,
      "intensity_factor": 0.9681332975545084,
      "power_ratio": 0.967077267637178,
      "time_above_95": 0.5789473684210527,
      "time_above_106": 0.0,
      "time_above_120": 0.0,
      "time_above_150": 0.0,
      "heart_rate_avg": 146.5438596491228,
      "heart_rate_max": 149,
      "heart_rate_slope": 0.05263157894736842,
      "metadata": {
        "hr_percent_max": 0.7515069725596041
      }
    },
    {
      "start": 1356,
      "end": 1502,
      "duration": 146,
      "classification": "vo2max",
      "average_power": 249.44520547945206,
      "peak_power": 260.0,
      "normalized_power": 249.05538889252404,
      "intensity_factor": 1.0598101655001022,
      "power_ratio": 1.0614689594870301,
      "time_above_95": 1.0,
      "time_above_106": 0.4931506849315068,
      "time_above_120": 0.0,
      "time_above_150": 0.0,
      "heart_rate_avg": 159.86301369863014,
      "heart_rate_max": 163,
      "heart_rate_slope": 0.08904109589041095,
      "metadata": {
        "hr_percent_max": 0.8198103266596417
      }
    },
    {
      "start": 1502,
      "end": 1565,
      "duration": 63,
      "classification": "threshold",
      "average_power": 238.1904761904762,
      "peak_power": 247.0,
      "normalized_power": 238.03964168196654,
      "intensity_factor": 1.0129346454551769,
      "power_ratio": 1.0135764944275583,
      "time_above_95": 0.9365079365079365,
      "time_above_106": 0.0,
      "time_above_120": 0.0,
      "time_above_150": 0.0,
      "heart_rate_avg": 162.95238095238096,
      "heart_rate_max": 164,
      "heart_rate_slope": 0.0,
      "metadata": {
        "hr_percent_max": 0.8356532356532357
      }
    },
    {
      "start": 1565,
      "end": 1997,
      "duration": 432,
      "classification": "tempo",
      "average_power": 212.56712962962962,
      "peak_power": 230.0,
      "normalized_power": 213.50604833277634,
      "intensity_factor": 0.9085363758841547,
      "power_ratio": 0.90454097714736,
      "time_above_95": 0.17824074074074073,
      "time_above_106": 0.0,
      "time_above_120": 0.0,
      "time_above_150": 0.0,
      "heart_rate_avg": 152.9351851851852,
      "heart_rate_max": 163,
      "heart_rate_slope": -0.013888888888888888,
      "metadata": {
        "hr_percent_max": 0.7842830009496676
      }
    },
    {
      "start": 1997,
      "end": 2060,
      "duration": 63,
      "classification": "threshold",
      "average_power": 222.68253968253967,
      "peak_power": 229.0,
      "normalized_power": 222.518827688311,
      "intensity_factor": 0.9468886284608979,
      "power_ratio": 0.9475852752448497,
      "time_above_95": 0.3968253968253968,
      "time_above_106": 0.0,
      "time_above_120": 0.0,
      "time_above_150": 0.0,
      "heart_rate_avg": 157.61904761904762,
      "heart_rate_max": 162,
      "heart_rate_slope": 0.07936507936507936,
      "metadata": {
        "hr_percent_max": 0.8083028083028083
      }
    },
    {
      "start": 2060,
      "end": 2449,
      "duration": 389,
      "classification": "tempo",
      "average_power": 206.23907455012852,
      "peak_power": 243.0,
      "normalized_power": 207.12231995449687,
      "intensity_factor": 0.8813715742744548,
      "power_ratio": 0.8776130831920362,
      "time_above_95": 0.07712082262210797,
      "time_above_106": 0.0,
      "time_above_120": 0.0,
      "time_above_150": 0.0,
      "heart_rate_avg": 153.2287917737789,
      "heart_rate_max": 161,
      "heart_rate_slope": -0.015424164524421594,
      "metadata": {
        "hr_percent_max": 0.7857886757629687
      }
    }
  ],
  "preview_image": "data/zone_previews/strava_16185456616_zones.png",
  "zone_segments": [
    {
      "metric": "power",
      "zone": "Z3",
      "label": "Tempo",
      "start_time": 11.0,
      "end_time": 132.0,
      "duration_seconds": 121.0,
      "height": 0.5319840572064943,
      "intensity_ratio": 0.8056972041498154,
      "average_value": 189.3388429752066
    },
    {
      "metric": "power",
      "zone": "Z2",
      "label": "Endurance",
      "start_time": 132.0,
      "end_time": 161.0,
      "duration_seconds": 29.0,
      "height": 0.4623624358033749,
      "intensity_ratio": 0.7279530447542186,
      "average_value": 171.06896551724137
    },
    {
      "metric": "power",
      "zone": "Z3",
      "label": "Tempo",
      "start_time": 161.0,
      "end_time": 273.0,
      "duration_seconds": 112.0,
      "height": 0.5564539007092199,
      "intensity_ratio": 0.8319148936170213,
      "average_value": 195.5
    },
    {
      "metric": "power",
      "zone": "Z4",
      "label": "Threshold",
      "start_time": 273.0,
      "end_time": 287.0,
      "duration_seconds": 14.0,
      "height": 0.6465856129685917,
      "intensity_ratio": 0.9249240121580548,
      "average_value": 217.35714285714286
    },
    {
      "metric": "power",
      "zone": "Z3",
      "label": "Tempo",
      "start_time": 287.0,
      "end_time": 361.0,
      "duration_seconds": 74.0,
      "height": 0.5582250335441824,
      "intensity_ratio": 0.8338125359401954,
      "average_value": 195.94594594594594
    },
    {
      "metric": "power",
      "zone": "Z4",
      "label": "Threshold",
      "start_time": 361.0,
      "end_time": 393.0,
      "duration_seconds": 32.0,
      "height": 0.6438297872340425,
      "intensity_ratio": 0.9223404255319149,
      "average_value": 216.75
    },
    {
      "metric": "power",
      "zone": "Z3",
      "label": "Tempo",
      "start_time": 393.0,
      "end_time": 492.0,
      "duration_seconds": 99.0,
      "height": 0.5724407192492298,
      "intensity_ratio": 0.849043627767032,
      "average_value": 199.5252525252525
    },
    {
      "metric": "power",
      "zone": "Z3",
      "label": "Tempo",
      "start_time": 492.0,
      "end_time": 741.0,
      "duration_seconds": 249.0,
      "height": 0.5686957760118487,
      "intensity_ratio": 0.8450311885841237,
      "average_value": 198.58232931726909
    },
    {
      "metric": "power",
      "zone": "Z3",
      "label": "Tempo",
      "start_time": 741.0,
      "end_time": 752.0,
      "duration_seconds": 11.0,
      "height": 0.5844358478401032,
      "intensity_ratio": 0.8618955512572534,
      "average_value": 202.54545454545453
    },
    {
      "metric": "power",
      "zone": "Z4",
      "label": "Threshold",
      "start_time": 752.0,
      "end_time": 763.0,
      "duration_seconds": 11.0,
      "height": 0.6235074145712444,
      "intensity_ratio": 0.9032882011605416,
      "average_value": 212.27272727272728
    },
    {
      "metric": "power",
      "zone": "Z3",
      "label": "Tempo",
      "start_time": 763.0,
      "end_time": 791.0,
      "duration_seconds": 28.0,
      "height": 0.5839716312056737,
      "intensity_ratio": 0.8613981762917933,
      "average_value": 202.42857142857142
    },
    {
      "metric": "power",
      "zone": "Z4",
      "label": "Threshold",
      "start_time": 791.0,
      "end_time": 811.0,
      "duration_seconds": 20.0,
      "height": 0.645645390070922,
      "intensity_ratio": 0.9240425531914894,