{
  "duration": 3631,
  "ftp": 235.0,
  "items": [
    {
      "start": 0,
      "end": 178,
      "duration": 178,
      "classification": "recovery",
      "average_power": 104.11235955056179,
      "peak_power": 105.0,
      "normalized_power": 103.72534671971482,
      "intensity_factor": 0.44138445412644606,
      "power_ratio": 0.44303131723643313,
      "time_above_95": 0.0,
      "time_above_106": 0.0,
      "time_above_120": 0.0,
      "time_above_150": 0.0,
      "heart_rate_avg": 118.75280898876404,
      "heart_rate_max": 134,
      "heart_rate_slope": 0.2303370786516854,
      "metadata": {
        "hr_percent_max": 0.6089887640449438
      }
    },
    {
      "start": 178,
      "end": 239,
      "duration": 61,
      "classification": "anaerobic",
      "average_power": 150.47540983606558,
      "peak_power": 380.0,
      "normalized_power": 159.28833236705987,
      "intensity_factor": 0.677822690923659,
      "power_ratio": 0.640320892919428,
      "time_above_95": 0.18032786885245902,
      "time_above_106": 0.16393442622950818,
      "time_above_120": 0.16393442622950818,
      "time_above_150": 0.14754098360655737,
      "heart_rate_avg": 134.52459016393442,
      "heart_rate_max": 140,
      "heart_rate_slope": 0.14754098360655737,
      "metadata": {
        "hr_percent_max": 0.6898696931483816
      }
    },
    {
      "start": 239,
      "end": 313,
      "duration": 74,
      "classification": "sprint",
      "average_power": 181.1891891891892,
      "peak_power": 380.0,
      "normalized_power": 174.29310450605843,
      "intensity_factor": 0.7416727851321635,
      "power_ratio": 0.7710178263369752,
      "time_above_95": 0.28378378378378377,
      "time_above_106": 0.28378378378378377,
      "time_above_120": 0.28378378378378377,
      "time_above_150": 0.2702702702702703,
      "heart_rate_avg": 140.82432432432432,
      "heart_rate_max": 146,
      "heart_rate_slope": 0.14864864864864866,
      "metadata": {
        "hr_percent_max": 0.7221760221760222
      }
    },
    {
      "start": 313,
      "end": 359,
      "duration": 46,
      "classification": "threshold",
      "average_power": 104.47826086956522,
      "peak_power": 105.0,
      "normalized_power": 104.57329141927012,
      "intensity_factor": 0.44499272944370266,
      "power_ratio": 0.44458834412580944,
      "time_above_95": 0.0,
      "time_above_106": 0.0,
      "time_above_120": 0.0,
      "time_above_150": 0.0,
      "heart_rate_avg": 144.06521739130434,
      "heart_rate_max": 149,
      "heart_rate_slope": -0.08695652173913043,
      "metadata": {
        "hr_percent_max": 0.7387959866220736
      }
    },
    {
      "start": 359,
      "end": 372,
      "duration": 13,
      "classification": "sprint",
      "average_power": 316.0769230769231,
      "peak_power": 380.0,
      "normalized_power": 316.0769230769231,
      "intensity_factor": 1.3450081833060556,
      "power_ratio": 1.3450081833060556,
      "time_above_95": 0.7692307692307693,
      "time_above_106": 0.7692307692307693,
      "time_above_120": 0.7692307692307693,
      "time_above_150": 0.7692307692307693,
      "heart_rate_avg": 140.69230769230768,
      "heart_rate_max": 144,
      "heart_rate_slope": 0.3076923076923077,
      "metadata": {
        "hr_percent_max": 0.721499013806706
      }
    },
    {
      "start": 372,
      "end": 601,
      "duration": 229,
      "classification": "endurance",
      "average_power": 139.67248908296943,
      "peak_power": 150.0,
      "normalized_power": 142.39469332786967,
      "intensity_factor": 0.6059348652249773,
      "power_ratio": 0.594351017374338,
      "time_above_95": 0.0,
      "time_above_106": 0.0,
      "time_above_120": 0.0,
      "time_above_150": 0.0,
      "heart_rate_avg": 144.24017467248908,
      "heart_rate_max": 150,
      "heart_rate_slope": -0.004366812227074236,
      "metadata": {
        "hr_percent_max": 0.739693203448662
      }
    },
    {
      "start": 601,
      "end": 716,
      "duration": 115,
      "classification": "recovery",
      "average_power": 104.92173913043479,
      "peak_power": 149.0,
      "normalized_power": 106.69433966329258,
      "intensity_factor": 0.4540184666523089,
      "power_ratio": 0.44647548566142464,
      "time_above_95": 0.0,
      "time_above_106": 0.0,
      "time_above_120": 0.0,
      "time_above_150": 0.0,
      "heart_rate_avg": 140.54782608695652,
      "heart_rate_max": 147,
      "heart_rate_slope": -0.06956521739130435,
      "metadata": {
        "hr_percent_max": 0.720758082497213
      }
    },
    {
      "start": 716,
      "end": 1029,
      "duration": 313,
      "classification": "tempo",
      "average_power": 186.15335463258785,
      "peak_power": 190.0,
      "normalized_power": 186.49611900373105,
      "intensity_factor": 0.7936005063988556,
      "power_ratio": 0.7921419346067569,
      "time_above_95": 0.0,
      "time_above_106": 0.0,
      "time_above_120": 0.0,
      "time_above_150": 0.0,
      "heart_rate_avg": 157.3258785942492,
      "heart_rate_max": 168,
      "heart_rate_slope": 0.08306709265175719,
      "metadata": {
        "hr_percent_max": 0.8067993774064061
      }
    },
    {
      "start": 1029,
      "end": 1196,
      "duration": 167,
      "classification": "recovery",
      "average_power": 104.50898203592814,
      "peak_power": 105.0,
      "normalized_power": 104.52529542377958,
      "intensity_factor": 0.4447884911650195,
      "power_ratio": 0.4447190724933112,
      "time_above_95": 0.0,
      "time_above_106": 0.0,
      "time_above_120": 0.0,
      "time_above_150": 0.0,
      "heart_rate_avg": 154.19760479041915,
      "heart_rate_max": 164,
      "heart_rate_slope": -0.11976047904191617,
      "metadata": {
        "hr_percent_max": 0.7907569476431752
      }
    },
    {
      "start": 1196,
      "end": 1503,
      "duration": 307,
      "classification": "tempo",
      "average_power": 187.84039087947883,
      "peak_power": 190.0,
      "normalized_power": 187.63879606423228,
      "intensity_factor": 0.7984629619754565,
      "power_ratio": 0.7993208122531014,
      "time_above_95": 0.0,
      "time_above_106": 0.0,
      "time_above_120": 0.0,
      "time_above_150": 0.0,
      "heart_rate_avg": 163.33876221498372,
      "heart_rate_max": 177,
      "heart_rate_slope": 0.09120521172638436,
      "metadata": {
        "hr_percent_max": 0.8376346780255576
      }
    },
    {
      "start": 1503,
      "end": 1802,
      "duration": 299,
      "classification": "endurance",
      "average_power": 164.52508361204013,
      "peak_power": 165.0,
      "normalized_power": 164.52692778972133,
      "intensity_factor": 0.7001145863392397,
      "power_ratio": 0.7001067387746389,
      "time_above_95": 0.0,
      "time_above_106": 0.0,
      "time_above_120": 0.0,
      "time_above_150": 0.0,
      "heart_rate_avg": 165.49498327759198,
      "heart_rate_max": 173,
      "heart_rate_slope": -0.026755852842809364,
      "metadata": {
        "hr_percent_max": 0.8486922219363692
      }
    },
    {
      "start": 1802,
      "end": 2109,
      "duration": 307,
      "classification": "tempo",
      "average_power": 187.58631921824104,
      "peak_power": 190.0,
      "normalized_power": 187.96374700506405,
      "intensity_factor": 0.7998457319364428,
      "power_ratio": 0.7982396562478342,
      "time_above_95": 0.0,
      "time_above_106": 0.0,
      "time_above_120": 0.0,
      "time_above_150": 0.0,
      "heart_rate_avg": 171.90228013029315,
      "heart_rate_max": 177,
      "heart_rate_slope": 0.026058631921824105,
      "metadata": {
        "hr_percent_max": 0.8815501545143238
      }
    },
    {
      "start": 2109,
      "end": 2400,
      "duration": 291,
      "classification": "recovery",
      "average_power": 104.46048109965636,
      "peak_power": 105.0,
      "normalized_power": 104.45846123404857,
      "intensity_factor": 0.4445040903576535,
      "power_ratio": 0.4445126855304526,