{
  "duration": 1804,
  "ftp": 235.0,
  "items": [
    {
      "start": 0,
      "end": 422,
      "duration": 422,
      "classification": "recovery",
      "average_power": 81.81990521327015,
      "peak_power": 139.0,
      "normalized_power": 88.38736796813339,
      "intensity_factor": 0.3761164594388655,
      "power_ratio": 0.34816980941817083,
      "time_above_95": 0.0,
      "time_above_106": 0.0,
      "time_above_120": 0.0,
      "time_above_150": 0.0,
      "heart_rate_avg": 122.32464454976304,
      "heart_rate_max": 144,
      "heart_rate_slope": 0.13744075829383887,
      "metadata": {
        "hr_percent_max": 0.6273058694859643
      }
    },
    {
      "start": 422,
      "end": 552,
      "duration": 130,
      "classification": "endurance",
      "average_power": 151.91538461538462,
      "peak_power": 180.0,
      "normalized_power": 153.0938411251043,
      "intensity_factor": 0.651463153723848,
      "power_ratio": 0.6464484451718495,
      "time_above_95": 0.0,
      "time_above_106": 0.0,
      "time_above_120": 0.0,
      "time_above_150": 0.0,
      "heart_rate_avg": 149.4,
      "heart_rate_max": 156,
      "heart_rate_slope": 0.1076923076923077,
      "metadata": {
        "hr_percent_max": 0.7661538461538462
      }
    },
    {
      "start": 552,
      "end": 708,
      "duration": 156,
      "classification": "tempo",
      "average_power": 199.10256410256412,
      "peak_power": 220.0,
      "normalized_power": 200.61531321271474,
      "intensity_factor": 0.8536821838838925,
      "power_ratio": 0.8472449536279324,
      "time_above_95": 0.0,
      "time_above_106": 0.0,
      "time_above_120": 0.0,
      "time_above_150": 0.0,
      "heart_rate_avg": 160.17948717948718,
      "heart_rate_max": 167,
      "heart_rate_slope": 0.08333333333333333,
      "metadata": {
        "hr_percent_max": 0.8214332675871138
      }
    },
    {
      "start": 708,
      "end": 777,
      "duration": 69,
      "classification": "threshold",
      "average_power": 235.71014492753622,
      "peak_power": 240.0,
      "normalized_power": 235.75146069665544,
      "intensity_factor": 1.0031977050921508,
      "power_ratio": 1.0030218933086648,
      "time_above_95": 0.8115942028985508,
      "time_above_106": 0.0,
      "time_above_120": 0.0,
      "time_above_150": 0.0,
      "heart_rate_avg": 167.94202898550725,
      "heart_rate_max": 170,
      "heart_rate_slope": 0.043478260869565216,
      "metadata": {
        "hr_percent_max": 0.8612411742846525
      }
    },
    {
      "start": 777,
      "end": 890,
      "duration": 113,
      "classification": "vo2max",
      "average_power": 267.4070796460177,
      "peak_power": 280.0,
      "normalized_power": 267.509321008677,
      "intensity_factor": 1.1383375362071362,
      "power_ratio": 1.1379024665787987,
      "time_above_95": 1.0,
      "time_above_106": 0.9646017699115044,
      "time_above_120": 0.0,
      "time_above_150": 0.0,
      "heart_rate_avg": 174.69026548672565,
      "heart_rate_max": 179,
      "heart_rate_slope": 0.07964601769911504,
      "metadata": {
        "hr_percent_max": 0.8958475153165418
      }
    },
    {
      "start": 890,
      "end": 1096,
      "duration": 206,
      "classification": "anaerobic",
      "average_power": 313.2330097087379,
      "peak_power": 360.0,
      "normalized_power": 314.33418135822416,
      "intensity_factor": 1.3375922610988262,
      "power_ratio": 1.3329064242925017,
      "time_above_95": 0.9805825242718447,
      "time_above_106": 0.9805825242718447,
      "time_above_120": 0.9271844660194175,
      "time_above_150": 0.05339805825242718,
      "heart_rate_avg": 182.41747572815535,
      "heart_rate_max": 190,
      "heart_rate_slope": 0.06310679611650485,
      "metadata": {
        "hr_percent_max": 0.9354742345033608
      }
    },
    {
      "start": 1096,
      "end": 1805,
      "duration": 709,
      "classification": "recovery",
      "average_power": 68.00705218617772,
      "peak_power": 218.0,
      "normalized_power": 69.7790751450279,
      "intensity_factor": 0.2969322346596932,
      "power_ratio": 0.2893917114305435,
      "time_above_95": 0.0,
      "time_above_106": 0.0,
      "time_above_120": 0.0,
      "time_above_150": 0.0,
      "heart_rate_avg": 147.76868829337096,
      "heart_rate_max": 191,
      "heart_rate_slope": -0.076163610719323,
      "metadata": {
        "hr_percent_max": 0.75778814509421
      }
    }
  ],
  "preview_image": "data/zone_previews/strava_15207339259_zones.png",
  "zone_segments": [
    {
      "metric": "power",
      "zone": "Z1",
      "label": "Active Recovery",
      "start_time": 0.0,
      "end_time": 422.0,
      "duration_seconds": 422.0,
      "height": 0.24660720342478937,
      "intensity_ratio": 0.34816980941817083,
      "average_value": 81.81990521327015
    },
    {
      "metric": "power",
      "zone": "Z2",
      "label": "Endurance",
      "start_time": 422.0,
      "end_time": 542.0,
      "duration_seconds": 120.0,
      "height": 0.38933333333333336,
      "intensity_ratio": 0.6366666666666667,
      "average_value": 149.61666666666667
    },
    {
      "metric": "power",
      "zone": "Z3",
      "label": "Tempo",
      "start_time": 542.0,
      "end_time": 662.0,
      "duration_seconds": 120.0,
      "height": 0.5332198581560283,
      "intensity_ratio": 0.8070212765957447,
      "average_value": 189.65
    },
    {
      "metric": "power",
      "zone": "Z4",
      "label": "Threshold",
      "start_time": 662.0,
      "end_time": 781.0,
      "duration_seconds": 119.0,
      "height": 0.7020263424518743,
      "intensity_ratio": 0.9768996960486322,
      "average_value": 229.57142857142858
    },
    {
      "metric": "power",
      "zone": "Z5",
      "label": "VO2max",
      "start_time": 781.0,
      "end_time": 901.0,
      "duration_seconds": 120.0,
      "height": 0.8443498817966903,
      "intensity_ratio": 1.1465248226950355,
      "average_value": 269.43333333333334
    },
    {
      "metric": "power",
      "zone": "Z6",
      "label": "Anaerobic Capacity",
      "start_time": 901.0,
      "end_time": 1081.0,
      "duration_seconds": 180.0,
      "height": 0.9277659574468086,
      "intensity_ratio": 1.3592198581560284,
      "average_value": 319.4166666666667
    },
    {
      "metric": "power",
      "zone": "Z7",
      "label": "Neuromuscular",
      "start_time": 1081.0,
      "end_time": 1092.0,
      "duration_seconds": 11.0,
      "height": 1.05,
      "intensity_ratio": 1.5311411992263055,
      "average_value": 359.8181818181818
    },
    {
      "metric": "power",
      "zone": "Z1",
      "label": "Active Recovery",
      "start_time": 1102.0,
      "end_time": 1703.0,
      "duration_seconds": 599.0,
      "height": 0.22906895115327608,
      "intensity_ratio": 0.29993961567150923,
      "average_value": 70.48580968280467
    },
    {
      "metric": "power",
      "zone": "Z1",
      "label": "Active Recovery",
      "start_time": 1707.0,
      "end_time": 1788.0,
      "duration_seconds": 81.0,
      "height": 0.21064641688755165,
      "intensity_ratio": 0.249277646440767,
      "average_value": 58.58024691358025
    },
    {
      "metric": "power",
      "zone": "Z1",
      "label": "Active Recovery",
      "start_time": 1788.0,
      "end_time": 1795.0,
      "duration_seconds": 7.0,
      "height": 0.27606521138436035,
      "intensity_ratio": 0.4291793313069909,
      "average_value": 100.85714285714286
    },
    {
      "metric": "power",
      "zone": "Z1",
      "label": "Active Recovery",
      "start_time": 1795.0,
      "end_time": 1803.0,
      "duration_seconds": 8.0,
      "height": 0.2141972920696325,
      "intensity_ratio": 0.2590425531914894,
      "average_value": 60.875
    }
  ]
}