{
  "duration": 1580,
  "ftp": 235.0,
  "items": [
    {
      "start": 0,
      "end": 86,
      "duration": 86,
      "classification": "endurance",
      "average_power": 158.01162790697674,
      "peak_power": 201.0,
      "normalized_power": 165.21300698851533,
      "intensity_factor": 0.7030340722915546,
      "power_ratio": 0.6723899059871351,
      "time_above_95": 0.0,
      "time_above_106": 0.0,
      "time_above_120": 0.0,
      "time_above_150": 0.0,
      "heart_rate_avg": 111.32558139534883,
      "heart_rate_max": 136,
      "heart_rate_slope": 0.6046511627906976,
      "metadata": {
        "hr_percent_max": 0.5709004174120453
      }
    },
    {
      "start": 86,
      "end": 318,
      "duration": 232,
      "classification": "tempo",
      "average_power": 190.07758620689654,
      "peak_power": 201.0,
      "normalized_power": 190.25035933662673,
      "intensity_factor": 0.809575997177135,
      "power_ratio": 0.8088407923697725,
      "time_above_95": 0.0,
      "time_above_106": 0.0,
      "time_above_120": 0.0,
      "time_above_150": 0.0,
      "heart_rate_avg": 139.88793103448276,
      "heart_rate_max": 147,
      "heart_rate_slope": 0.017241379310344827,
      "metadata": {
        "hr_percent_max": 0.7173740053050398
      }
    },
    {
      "start": 318,
      "end": 470,
      "duration": 152,
      "classification": "endurance",
      "average_power": 167.81578947368422,
      "peak_power": 181.0,
      "normalized_power": 168.24469695970788,
      "intensity_factor": 0.715934880679608,
      "power_ratio": 0.7141097424412094,
      "time_above_95": 0.0,
      "time_above_106": 0.0,
      "time_above_120": 0.0,
      "time_above_150": 0.0,
      "heart_rate_avg": 133.98684210526315,
      "heart_rate_max": 140,
      "heart_rate_slope": -0.039473684210526314,
      "metadata": {
        "hr_percent_max": 0.6871120107962213
      }
    },
    {
      "start": 470,
      "end": 683,
      "duration": 213,
      "classification": "tempo",
      "average_power": 179.90140845070422,
      "peak_power": 187.0,
      "normalized_power": 179.95999054102847,
      "intensity_factor": 0.7657871937916105,
      "power_ratio": 0.765537908300869,
      "time_above_95": 0.0,
      "time_above_106": 0.0,
      "time_above_120": 0.0,
      "time_above_150": 0.0,
      "heart_rate_avg": 135.3849765258216,
      "heart_rate_max": 138,
      "heart_rate_slope": 0.009389671361502348,
      "metadata": {
        "hr_percent_max": 0.6942819309016492
      }
    },
    {
      "start": 683,
      "end": 919,
      "duration": 236,
      "classification": "endurance",
      "average_power": 170.5084745762712,
      "peak_power": 204.0,
      "normalized_power": 170.9964035463303,
      "intensity_factor": 0.7276442704099162,
      "power_ratio": 0.725567976920303,
      "time_above_95": 0.0,
      "time_above_106": 0.0,
      "time_above_120": 0.0,
      "time_above_150": 0.0,
      "heart_rate_avg": 131.34745762711864,
      "heart_rate_max": 139,
      "heart_rate_slope": 0.0,
      "metadata": {
        "hr_percent_max": 0.6735767057800957
      }
    },
    {
      "start": 919,
      "end": 1098,
      "duration": 179,
      "classification": "tempo",
      "average_power": 174.08379888268158,
      "peak_power": 189.0,
      "normalized_power": 175.19857527120215,
      "intensity_factor": 0.7455258522178815,
      "power_ratio": 0.740782122905028,
      "time_above_95": 0.0,
      "time_above_106": 0.0,
      "time_above_120": 0.0,
      "time_above_150": 0.0,
      "heart_rate_avg": 131.9217877094972,
      "heart_rate_max": 137,
      "heart_rate_slope": -0.0446927374301676,
      "metadata": {
        "hr_percent_max": 0.6765219882538318
      }
    },
    {
      "start": 1098,
      "end": 1206,
      "duration": 108,
      "classification": "endurance",
      "average_power": 134.37037037037038,
      "peak_power": 172.0,
      "normalized_power": 136.02000459948505,
      "intensity_factor": 0.5788085302105747,
      "power_ratio": 0.5717888100866825,
      "time_above_95": 0.0,
      "time_above_106": 0.0,
      "time_above_120": 0.0,
      "time_above_150": 0.0,
      "heart_rate_avg": 124.14814814814815,
      "heart_rate_max": 131,
      "heart_rate_slope": -0.08333333333333333,
      "metadata": {
        "hr_percent_max": 0.6366571699905034
      }
    },
    {
      "start": 1206,
      "end": 1331,
      "duration": 125,
      "classification": "recovery",
      "average_power": 109.488,
      "peak_power": 114.0,
      "normalized_power": 109.72523284153931,
      "intensity_factor": 0.46691588443208215,
      "power_ratio": 0.4659063829787234,
      "time_above_95": 0.0,
      "time_above_106": 0.0,
      "time_above_120": 0.0,
      "time_above_150": 0.0,
      "heart_rate_avg": 114.456,
      "heart_rate_max": 124,
      "heart_rate_slope": -0.064,
      "metadata": {
        "hr_percent_max": 0.5869538461538462
      }
    },
    {
      "start": 1331,
      "end": 1581,
      "duration": 250,
      "classification": "tempo",
      "average_power": 144.532,
      "peak_power": 235.0,
      "normalized_power": 174.29433587255937,
      "intensity_factor": 0.7416780249896143,
      "power_ratio": 0.6150297872340426,
      "time_above_95": 0.04,
      "time_above_106": 0.0,
      "time_above_120": 0.0,
      "time_above_150": 0.0,
      "heart_rate_avg": 122.428,
      "heart_rate_max": 131,
      "heart_rate_slope": 0.068,
      "metadata": {
        "hr_percent_max": 0.6278358974358974
      }
    }
  ],
  "preview_image": "data/zone_previews/strava_15547400869_zones.png",
  "zone_segments": [
    {
      "metric": "power",
      "zone": "Z3",
      "label": "Tempo",
      "start_time": 9.0,
      "end_time": 19.0,
      "duration_seconds": 10.0,
      "height": 0.5278581560283688,
      "intensity_ratio": 0.8012765957446809,
      "average_value": 188.3
    },
    {
      "metric": "power",
      "zone": "Z2",
      "label": "Endurance",
      "start_time": 19.0,
      "end_time": 24.0,
      "duration_seconds": 5.0,
      "height": 0.4791489361702127,
      "intensity_ratio": 0.7489361702127659,
      "average_value": 176.0
    },
    {
      "metric": "power",
      "zone": "Z3",
      "label": "Tempo",
      "start_time": 24.0,
      "end_time": 37.0,
      "duration_seconds": 13.0,
      "height": 0.4872558647026731,
      "intensity_ratio": 0.7577741407528641,
      "average_value": 178.07692307692307
    },
    {
      "metric": "power",
      "zone": "Z2",
      "label": "Endurance",
      "start_time": 37.0,
      "end_time": 84.0,
      "duration_seconds": 47.0,
      "height": 0.47081937528293344,
      "intensity_ratio": 0.7385242191036668,
      "average_value": 173.5531914893617
    },
    {
      "metric": "power",
      "zone": "Z3",
      "label": "Tempo",
      "start_time": 84.0,
      "end_time": 315.0,
      "duration_seconds": 231.0,
      "height": 0.5353320438426821,
      "intensity_ratio": 0.809284332688588,
      "average_value": 190.1818181818182
    },
    {
      "metric": "power",
      "zone": "Z2",
      "label": "Endurance",
      "start_time": 315.0,
      "end_time": 432.0,
      "duration_seconds": 117.0,
      "height": 0.4464739043462448,
      "intensity_ratio": 0.708092380432806,
      "average_value": 166.4017094017094
    },
    {
      "metric": "power",
      "zone": "Z3",
      "label": "Tempo",
      "start_time": 432.0,
      "end_time": 441.0,
      "duration_seconds": 9.0,
      "height": 0.48518518518518516,
      "intensity_ratio": 0.7555555555555555,
      "average_value": 177.55555555555554
    },
    {
      "metric": "power",
      "zone": "Z2",
      "label": "Endurance",
      "start_time": 441.0,
      "end_time": 468.0,
      "duration_seconds": 27.0,
      "height": 0.4598581560283688,
      "intensity_ratio": 0.724822695035461,
      "average_value": 170.33333333333334
    },
    {
      "metric": "power",
      "zone": "Z3",