{
  "duration": 2763,
  "ftp": 235.0,
  "items": [
    {
      "start": 0,
      "end": 2293,
      "duration": 2293,
      "classification": "tempo",
      "average_power": 199.1173135630179,
      "peak_power": 226.0,
      "normalized_power": 200.48370225834122,
      "intensity_factor": 0.8531221372695371,
      "power_ratio": 0.8473077172894378,
      "time_above_95": 0.0056694286960314,
      "time_above_106": 0.0,
      "time_above_120": 0.0,
      "time_above_150": 0.0,
      "heart_rate_avg": 146.89751417357175,
      "heart_rate_max": 159,
      "heart_rate_slope": 0.01875272568687309,
      "metadata": {
        "hr_percent_max": 0.7533205855054962
      }
    },
    {
      "start": 2293,
      "end": 2388,
      "duration": 95,
      "classification": "threshold",
      "average_power": 223.73684210526315,
      "peak_power": 230.0,
      "normalized_power": 223.72011487645545,
      "intensity_factor": 0.9520004888359807,
      "power_ratio": 0.9520716685330347,
      "time_above_95": 0.4631578947368421,
      "time_above_106": 0.0,
      "time_above_120": 0.0,
      "time_above_150": 0.0,
      "heart_rate_avg": 157.33684210526314,
      "heart_rate_max": 159,
      "heart_rate_slope": -0.010526315789473684,
      "metadata": {
        "hr_percent_max": 0.806855600539811
      }
    },
    {
      "start": 2388,
      "end": 2609,
      "duration": 221,
      "classification": "tempo",
      "average_power": 217.76923076923077,
      "peak_power": 226.0,
      "normalized_power": 217.82669500062093,
      "intensity_factor": 0.926922106385621,
      "power_ratio": 0.9266775777414076,
      "time_above_95": 0.07239819004524888,
      "time_above_106": 0.0,
      "time_above_120": 0.0,
      "time_above_150": 0.0,
      "heart_rate_avg": 157.05429864253395,
      "heart_rate_max": 159,
      "heart_rate_slope": -0.02262443438914027,
      "metadata": {
        "hr_percent_max": 0.8054066597053023
      }
    },
    {
      "start": 2609,
      "end": 2764,
      "duration": 155,
      "classification": "threshold",
      "average_power": 223.79354838709676,
      "peak_power": 245.0,
      "normalized_power": 223.57246318440662,
      "intensity_factor": 0.9513721837634324,
      "power_ratio": 0.9523129718599862,
      "time_above_95": 0.47096774193548385,
      "time_above_106": 0.0,
      "time_above_120": 0.0,
      "time_above_150": 0.0,
      "heart_rate_avg": 156.16774193548386,
      "heart_rate_max": 160,
      "heart_rate_slope": 0.01935483870967742,
      "metadata": {
        "hr_percent_max": 0.8008602150537634
      }
    }
  ],
  "preview_image": "data/zone_previews/strava_12595913426_zones.png",
  "zone_segments": [
    {
      "metric": "power",
      "zone": "Z3",
      "label": "Tempo",
      "start_time": 7.0,
      "end_time": 12.0,
      "duration_seconds": 5.0,
      "height": 0.48,
      "intensity_ratio": 0.6476595744680851,
      "average_value": 152.2
    },
    {
      "metric": "power",
      "zone": "Z4",
      "label": "Threshold",
      "start_time": 12.0,
      "end_time": 27.0,
      "duration_seconds": 15.0,
      "height": 0.6380047281323877,
      "intensity_ratio": 0.9168794326241135,
      "average_value": 215.46666666666667
    },
    {
      "metric": "power",
      "zone": "Z3",
      "label": "Tempo",
      "start_time": 27.0,
      "end_time": 386.0,
      "duration_seconds": 359.0,
      "height": 0.5533839072285109,
      "intensity_ratio": 0.8286256148876904,
      "average_value": 194.72701949860723
    },
    {
      "metric": "power",
      "zone": "Z3",
      "label": "Tempo",
      "start_time": 386.0,
      "end_time": 579.0,
      "duration_seconds": 193.0,
      "height": 0.5147106162495867,
      "intensity_ratio": 0.7871899459817,
      "average_value": 184.9896373056995
    },
    {
      "metric": "power",
      "zone": "Z3",
      "label": "Tempo",
      "start_time": 579.0,
      "end_time": 621.0,
      "duration_seconds": 42.0,
      "height": 0.520709219858156,
      "intensity_ratio": 0.7936170212765957,
      "average_value": 186.5
    },
    {
      "metric": "power",
      "zone": "Z3",
      "label": "Tempo",
      "start_time": 621.0,
      "end_time": 907.0,
      "duration_seconds": 286.0,
      "height": 0.5194177453751921,
      "intensity_ratio": 0.7922332986162773,
      "average_value": 186.17482517482517
    },
    {
      "metric": "power",
      "zone": "Z2",
      "label": "Endurance",
      "start_time": 907.0,
      "end_time": 914.0,
      "duration_seconds": 7.0,
      "height": 0.45580547112462,
      "intensity_ratio": 0.719756838905775,
      "average_value": 169.14285714285714
    },
    {
      "metric": "power",
      "zone": "Z3",
      "label": "Tempo",
      "start_time": 914.0,
      "end_time": 1180.0,
      "duration_seconds": 266.0,
      "height": 0.5445091452034341,
      "intensity_ratio": 0.8191169412893937,
      "average_value": 192.49248120300751
    },
    {
      "metric": "power",
      "zone": "Z4",
      "label": "Threshold",
      "start_time": 1180.0,
      "end_time": 1205.0,
      "duration_seconds": 25.0,
      "height": 0.635886524822695,
      "intensity_ratio": 0.9148936170212766,
      "average_value": 215.0
    },
    {
      "metric": "power",
      "zone": "Z3",
      "label": "Tempo",
      "start_time": 1205.0,
      "end_time": 1211.0,
      "duration_seconds": 6.0,
      "height": 0.6127186761229314,
      "intensity_ratio": 0.8921985815602836,
      "average_value": 209.66666666666666
    },
    {
      "metric": "power",
      "zone": "Z4",
      "label": "Threshold",
      "start_time": 1211.0,
      "end_time": 1221.0,
      "duration_seconds": 10.0,
      "height": 0.6322553191489361,
      "intensity_ratio": 0.9114893617021276,
      "average_value": 214.2
    },
    {
      "metric": "power",
      "zone": "Z3",
      "label": "Tempo",
      "start_time": 1221.0,
      "end_time": 1543.0,
      "duration_seconds": 322.0,
      "height": 0.5811964230650631,
      "intensity_ratio": 0.858424738998282,
      "average_value": 201.72981366459626
    },
    {
      "metric": "power",
      "zone": "Z3",
      "label": "Tempo",
      "start_time": 1543.0,
      "end_time": 1549.0,
      "duration_seconds": 6.0,
      "height": 0.618014184397163,
      "intensity_ratio": 0.8978723404255319,
      "average_value": 211.0
    },
    {
      "metric": "power",
      "zone": "Z4",
      "label": "Threshold",
      "start_time": 1549.0,
      "end_time": 1732.0,
      "duration_seconds": 183.0,
      "height": 0.652554354144867,
      "intensity_ratio": 0.9305197070108128,
      "average_value": 218.672131147541
    },
    {
      "metric": "power",
      "zone": "Z3",
      "label": "Tempo",
      "start_time": 1732.0,
      "end_time": 1737.0,
      "duration_seconds": 5.0,
      "height": 0.618014184397163,
      "intensity_ratio": 0.8978723404255319,
      "average_value": 211.0
    },
    {
      "metric": "power",
      "zone": "Z4",
      "label": "Threshold",
      "start_time": 1737.0,
      "end_time": 1743.0,
      "duration_seconds": 6.0,
      "height": 0.6260520094562648,
      "intensity_ratio": 0.9056737588652483,
      "average_value": 212.83333333333334
    },
    {
      "metric": "power",
      "zone": "Z3",
      "label": "Tempo",
      "start_time": 1743.0,
      "end_time": 1775.0,
      "duration_seconds": 32.0,
      "height": 0.5909574468085106,
      "intensity_ratio": 0.8688829787234043,
      "average_value": 204.1875
    },
    {
      "metric": "power",
      "zone": "Z3",
      "label": "Tempo",
      "start_time": 1775.0,
      "end_time": 1799.0,
      "duration_seconds": 24.0,
      "height": 0.6135460992907802,
      "intensity_ratio": 0.8930851063829788,
      "average_value": 209.875
    },
    {
      "metric": "power",
      "zone": "Z3",
      "label": "Tempo",
      "start_time": 1799.0,
      "end_time": 1813.0,
      "duration_seconds": 14.0,