{
  "duration": 898,
  "ftp": 235.0,
  "items": [
    {
      "start": 0,
      "end": 206,
      "duration": 206,
      "classification": "recovery",
      "average_power": 57.609137055837564,
      "peak_power": 144.0,
      "normalized_power": 65.15642324110125,
      "intensity_factor": 0.2772613754940479,
      "power_ratio": 0.2451452640673939,
      "time_above_95": 0.0,
      "time_above_106": 0.0,
      "time_above_120": 0.0,
      "time_above_150": 0.0,
      "heart_rate_avg": 109.13197969543147,
      "heart_rate_max": 120,
      "heart_rate_slope": 0.04060913705583756,
      "metadata": {
        "hr_percent_max": 0.5596511779252896
      }
    },
    {
      "start": 206,
      "end": 265,
      "duration": 59,
      "classification": "sprint",
      "average_power": 151.15254237288136,
      "peak_power": 492.0,
      "normalized_power": 152.19852139786192,
      "intensity_factor": 0.6476532825440933,
      "power_ratio": 0.6432023079697079,
      "time_above_95": 0.2542372881355932,
      "time_above_106": 0.22033898305084745,
      "time_above_120": 0.1864406779661017,
      "time_above_150": 0.0847457627118644,
      "heart_rate_avg": 116.35593220338983,
      "heart_rate_max": 123,
      "heart_rate_slope": 0.23728813559322035,
      "metadata": {
        "hr_percent_max": 0.5966970882225119
      }
    },
    {
      "start": 265,
      "end": 516,
      "duration": 251,
      "classification": "recovery",
      "average_power": 66.63346613545816,
      "peak_power": 278.0,
      "normalized_power": 85.1410683890301,
      "intensity_factor": 0.3623024186767238,
      "power_ratio": 0.28354666440620496,
      "time_above_95": 0.0199203187250996,
      "time_above_106": 0.00398406374501992,
      "time_above_120": 0.0,
      "time_above_150": 0.0,
      "heart_rate_avg": 129.0796812749004,
      "heart_rate_max": 145,
      "heart_rate_slope": 0.06772908366533864,
      "metadata": {
        "hr_percent_max": 0.6619470834610277
      }
    },
    {
      "start": 516,
      "end": 537,
      "duration": 21,
      "classification": "sprint",
      "average_power": 195.47619047619048,
      "peak_power": 488.0,
      "normalized_power": 195.47619047619048,
      "intensity_factor": 0.8318135764944276,
      "power_ratio": 0.8318135764944276,
      "time_above_95": 0.42857142857142855,
      "time_above_106": 0.38095238095238093,
      "time_above_120": 0.3333333333333333,
      "time_above_150": 0.09523809523809523,
      "heart_rate_avg": 140.52380952380952,
      "heart_rate_max": 145,
      "heart_rate_slope": 0.3333333333333333,
      "metadata": {
        "hr_percent_max": 0.7206349206349206
      }
    },
    {
      "start": 537,
      "end": 690,
      "duration": 153,
      "classification": "endurance",
      "average_power": 114.22875816993464,
      "peak_power": 251.0,
      "normalized_power": 136.6143224334284,
      "intensity_factor": 0.5813375422699082,
      "power_ratio": 0.48607982199972183,
      "time_above_95": 0.0196078431372549,
      "time_above_106": 0.006535947712418301,
      "time_above_120": 0.0,
      "time_above_150": 0.0,
      "heart_rate_avg": 155.79084967320262,
      "heart_rate_max": 165,
      "heart_rate_slope": 0.0457516339869281,
      "metadata": {
        "hr_percent_max": 0.7989274342215519
      }
    },
    {
      "start": 690,
      "end": 899,
      "duration": 218,
      "classification": "recovery",
      "average_power": 58.788990825688074,
      "peak_power": 266.0,
      "normalized_power": 68.83327158249081,
      "intensity_factor": 0.29290753864889707,
      "power_ratio": 0.2501659184071833,
      "time_above_95": 0.009174311926605505,
      "time_above_106": 0.0045871559633027525,
      "time_above_120": 0.0,
      "time_above_150": 0.0,
      "heart_rate_avg": 143.9954128440367,
      "heart_rate_max": 160,
      "heart_rate_slope": -0.05045871559633028,
      "metadata": {
        "hr_percent_max": 0.7384380145848036
      }
    }
  ],
  "preview_image": "data/zone_previews/strava_15250630517_zones.png",
  "zone_segments": [
    {
      "metric": "power",
      "zone": "Z1",
      "label": "Active Recovery",
      "start_time": 0.0,
      "end_time": 33.334083239595046,
      "duration_seconds": 30.3037120359955,
      "height": 0.2393552546744036,
      "intensity_ratio": 0.32822695035460997,
      "average_value": 77.13333333333334
    },
    {
      "metric": "power",
      "zone": "Z1",
      "label": "Active Recovery",
      "start_time": 37.374578177727784,
      "end_time": 46.46569178852643,
      "duration_seconds": 9.091113610798649,
      "height": 0.23347517730496453,
      "intensity_ratio": 0.3120567375886525,
      "average_value": 73.33333333333333
    },
    {
      "metric": "power",
      "zone": "Z1",
      "label": "Active Recovery",
      "start_time": 49.49606299212598,
      "end_time": 122.22497187851518,
      "duration_seconds": 72.72890888638919,
      "height": 0.22810229959166128,
      "intensity_ratio": 0.29728132387706857,
      "average_value": 69.86111111111111
    },
    {
      "metric": "power",
      "zone": "Z1",
      "label": "Active Recovery",
      "start_time": 128.28571428571428,
      "end_time": 155.55905511811022,
      "duration_seconds": 27.27334083239595,
      "height": 0.22900494304749622,
      "intensity_ratio": 0.29976359338061465,
      "average_value": 70.44444444444444
    },
    {
      "metric": "power",
      "zone": "Z1",
      "label": "Active Recovery",
      "start_time": 155.55905511811022,
      "end_time": 163.6400449943757,
      "duration_seconds": 8.080989876265466,
      "height": 0.22947775628626693,
      "intensity_ratio": 0.30106382978723406,
      "average_value": 70.75
    },
    {
      "metric": "power",
      "zone": "Z1",
      "label": "Active Recovery",
      "start_time": 166.67041619797524,
      "end_time": 229.2980877390326,
      "duration_seconds": 31.31383577052868,
      "height": 0.32,
      "intensity_ratio": 0.9320521619766644,
      "average_value": 219.03225806451613
    },
    {
      "metric": "power",
      "zone": "Z1",
      "label": "Active Recovery",
      "start_time": 229.2980877390326,
      "end_time": 247.4803149606299,
      "duration_seconds": 18.182227221597298,
      "height": 0.32,
      "intensity_ratio": 0.556501182033097,
      "average_value": 130.77777777777777
    },
    {
      "metric": "power",
      "zone": "Z1",
      "label": "Active Recovery",
      "start_time": 251.52080989876262,
      "end_time": 259.6017997750281,
      "duration_seconds": 8.080989876265466,
      "height": 0.15733075435203095,
      "intensity_ratio": 0.1026595744680851,
      "average_value": 24.125
    },
    {
      "metric": "power",
      "zone": "Z1",
      "label": "Active Recovery",
      "start_time": 278.7941507311586,
      "end_time": 291.92575928008995,
      "duration_seconds": 13.131608548931382,
      "height": 0.2570034221098051,
      "intensity_ratio": 0.37675941080196396,
      "average_value": 88.53846153846153
    },
    {
      "metric": "power",
      "zone": "Z1",
      "label": "Active Recovery",
      "start_time": 291.92575928008995,
      "end_time": 338.3914510686164,
      "duration_seconds": 37.374578177727784,
      "height": 0.32,
      "intensity_ratio": 0.5554916618746406,
      "average_value": 130.54054054054055
    },
    {
      "metric": "power",
      "zone": "Z1",
      "label": "Active Recovery",
      "start_time": 338.3914510686164,
      "end_time": 349.50281214848144,
      "duration_seconds": 11.111361079865016,
      "height": 0.23366273958150166,
      "intensity_ratio": 0.3125725338491296,
      "average_value": 73.45454545454545
    },
    {
      "metric": "power",
      "zone": "Z1",
      "label": "Active Recovery",
      "start_time": 349.50281214848144,
      "end_time": 359.60404949381325,
      "duration_seconds": 10.101237345331832,
      "height": 0.2690135396518375,