{
  "duration": 2449,
  "ftp": 235.0,
  "items": [
    {
      "start": 0,
      "end": 102,
      "duration": 102,
      "classification": "tempo",
      "average_power": 175.97058823529412,
      "peak_power": 208.0,
      "normalized_power": 180.49832929222183,
      "intensity_factor": 0.768077996988178,
      "power_ratio": 0.748811013767209,
      "time_above_95": 0.0,
      "time_above_106": 0.0,
      "time_above_120": 0.0,
      "time_above_150": 0.0,
      "heart_rate_avg": 125.42156862745098,
      "heart_rate_max": 139,
      "heart_rate_slope": 0.39215686274509803,
      "metadata": {
        "hr_percent_max": 0.6431875314228256
      }
    },
    {
      "start": 102,
      "end": 547,
      "duration": 445,
      "classification": "endurance",
      "average_power": 165.78426966292136,
      "peak_power": 177.0,
      "normalized_power": 166.18386683339466,
      "intensity_factor": 0.7071653907804029,
      "power_ratio": 0.705464977289027,
      "time_above_95": 0.0,
      "time_above_106": 0.0,
      "time_above_120": 0.0,
      "time_above_150": 0.0,
      "heart_rate_avg": 131.7797752808989,
      "heart_rate_max": 137,
      "heart_rate_slope": -0.01348314606741573,
      "metadata": {
        "hr_percent_max": 0.6757937193892251
      }
    },
    {
      "start": 547,
      "end": 807,
      "duration": 260,
      "classification": "tempo",
      "average_power": 176.51923076923077,
      "peak_power": 187.0,
      "normalized_power": 176.58665508869672,
      "intensity_factor": 0.751432574845518,
      "power_ratio": 0.7511456628477905,
      "time_above_95": 0.0,
      "time_above_106": 0.0,
      "time_above_120": 0.0,
      "time_above_150": 0.0,
      "heart_rate_avg": 134.40384615384616,
      "heart_rate_max": 139,
      "heart_rate_slope": 0.011538461538461539,
      "metadata": {
        "hr_percent_max": 0.689250493096647
      }
    },
    {
      "start": 807,
      "end": 982,
      "duration": 175,
      "classification": "endurance",
      "average_power": 169.43428571428572,
      "peak_power": 181.0,
      "normalized_power": 169.8404773486375,
      "intensity_factor": 0.722725435526117,
      "power_ratio": 0.7209969604863222,
      "time_above_95": 0.0,
      "time_above_106": 0.0,
      "time_above_120": 0.0,
      "time_above_150": 0.0,
      "heart_rate_avg": 130.08,
      "heart_rate_max": 134,
      "heart_rate_slope": -0.02857142857142857,
      "metadata": {
        "hr_percent_max": 0.6670769230769231
      }
    },
    {
      "start": 982,
      "end": 2090,
      "duration": 1108,
      "classification": "tempo",
      "average_power": 190.39741035856574,
      "peak_power": 213.0,
      "normalized_power": 191.9814480871166,
      "intensity_factor": 0.8169423322856025,
      "power_ratio": 0.8102017462066627,
      "time_above_95": 0.0,
      "time_above_106": 0.0,
      "time_above_120": 0.0,
      "time_above_150": 0.0,
      "heart_rate_avg": 140.94621513944224,
      "heart_rate_max": 148,
      "heart_rate_slope": 0.0199203187250996,
      "metadata": {
        "hr_percent_max": 0.722801103279191
      }
    },
    {
      "start": 2090,
      "end": 2194,
      "duration": 104,
      "classification": "recovery",
      "average_power": 0.0,
      "peak_power": 0.0,
      "normalized_power": 0.0,
      "intensity_factor": 0.0,
      "power_ratio": 0.0,
      "time_above_95": 0.0,
      "time_above_106": 0.0,
      "time_above_120": 0.0,
      "time_above_150": 0.0,
      "heart_rate_avg": 147.23076923076923,
      "heart_rate_max": 148,
      "heart_rate_slope": -0.38461538461538464,
      "metadata": {
        "hr_percent_max": 0.7550295857988165
      }
    },
    {
      "start": 2194,
      "end": 2450,
      "duration": 360,
      "classification": "tempo",
      "average_power": 195.88611111111112,
      "peak_power": 246.0,
      "normalized_power": 197.85098540531294,
      "intensity_factor": 0.8419190868311189,
      "power_ratio": 0.8335579196217494,
      "time_above_95": 0.019444444444444445,
      "time_above_106": 0.0,
      "time_above_120": 0.0,
      "time_above_150": 0.0,
      "heart_rate_avg": 140.29722222222222,
      "heart_rate_max": 150,
      "heart_rate_slope": 0.10555555555555556,
      "metadata": {
        "hr_percent_max": 0.7194729344729345
      }
    }
  ],
  "preview_image": "data/zone_previews/strava_12571683942_zones.png",
  "zone_segments": [
    {
      "metric": "power",
      "zone": "Z3",
      "label": "Tempo",
      "start_time": 7.3104477611940295,
      "end_time": 105.47931769722814,
      "duration_seconds": 98.16886993603411,
      "height": 0.5309340576429757,
      "intensity_ratio": 0.804572204617474,
      "average_value": 189.0744680851064
    },
    {
      "metric": "power",
      "zone": "Z2",
      "label": "Endurance",
      "start_time": 105.47931769722814,
      "end_time": 397.8972281449893,
      "duration_seconds": 292.4179104477612,
      "height": 0.436936170212766,
      "intensity_ratio": 0.6961702127659575,
      "average_value": 163.6
    },
    {
      "metric": "power",
      "zone": "Z2",
      "label": "Endurance",
      "start_time": 397.8972281449893,
      "end_time": 525.3078891257995,
      "duration_seconds": 127.41066098081022,
      "height": 0.4563236832926404,
      "intensity_ratio": 0.7204046041158005,
      "average_value": 169.29508196721312
    },
    {
      "metric": "power",
      "zone": "Z2",
      "label": "Endurance",
      "start_time": 525.3078891257995,
      "end_time": 570.2149253731343,
      "duration_seconds": 44.90703624733475,
      "height": 0.4588025729836714,
      "intensity_ratio": 0.7235032162295892,
      "average_value": 170.02325581395348
    },
    {
      "metric": "power",
      "zone": "Z3",
      "label": "Tempo",
      "start_time": 570.2149253731343,
      "end_time": 601.5454157782516,
      "duration_seconds": 31.330490405117267,
      "height": 0.4925106382978723,
      "intensity_ratio": 0.7634042553191489,
      "average_value": 179.4
    },
    {
      "metric": "power",
      "zone": "Z3",
      "label": "Tempo",
      "start_time": 601.5454157782516,
      "end_time": 622.4324093816631,
      "duration_seconds": 20.88699360341151,
      "height": 0.4915177304964539,
      "intensity_ratio": 0.762340425531915,
      "average_value": 179.15
    },
    {
      "metric": "power",
      "zone": "Z2",
      "label": "Endurance",
      "start_time": 622.4324093816631,
      "end_time": 654.8072494669509,
      "duration_seconds": 32.37484008528784,
      "height": 0.47596431022649277,
      "intensity_ratio": 0.744955387783116,
      "average_value": 175.06451612903226
    },
    {
      "metric": "power",
      "zone": "Z2",
      "label": "Endurance",
      "start_time": 654.8072494669509,
      "end_time": 664.2063965884861,
      "duration_seconds": 9.399147121535181,
      "height": 0.4636406619385343,
      "intensity_ratio": 0.7295508274231679,
      "average_value": 171.44444444444446
    },
    {
      "metric": "power",
      "zone": "Z3",
      "label": "Tempo",
      "start_time": 664.2063965884861,
      "end_time": 674.6498933901919,
      "duration_seconds": 10.443496801705756,
      "height": 0.48615602836879435,
      "intensity_ratio": 0.7565957446808511,
      "average_value": 177.8
    },
    {
      "metric": "power",
      "zone": "Z2",
      "label": "Endurance",
      "start_time": 674.6498933901919,
      "end_time": 686.1377398720682,
      "duration_seconds": 11.487846481876332,
      "height": 0.47976789168278533,
      "intensity_ratio": 0.7497098646034817,
      "average_value": 176.1818181818182
    },
    {
      "metric": "power",
      "zone": "Z2",
      "label": "Endurance",
      "start_time": 686.1377398720682,
      "end_time": 734.1778251599146,
      "duration_seconds": 48.04008528784648,
      "height": 0.46449583718778903,
      "intensity_ratio": 0.7306197964847363,