{
  "duration": 2886,
  "ftp": 235.0,
  "items": [
    {
      "start": 0,
      "end": 331,
      "duration": 331,
      "classification": "tempo",
      "average_power": 157.629392971246,
      "peak_power": 225.0,
      "normalized_power": 170.80596758711928,
      "intensity_factor": 0.7268339046260395,
      "power_ratio": 0.6707633743457276,
      "time_above_95": 0.009584664536741214,
      "time_above_106": 0.0,
      "time_above_120": 0.0,
      "time_above_150": 0.0,
      "heart_rate_avg": 127.43130990415335,
      "heart_rate_max": 143,
      "heart_rate_slope": 0.06070287539936102,
      "metadata": {
        "hr_percent_max": 0.6534938969443762
      }
    },
    {
      "start": 331,
      "end": 715,
      "duration": 384,
      "classification": "endurance",
      "average_power": 169.91145833333334,
      "peak_power": 196.0,
      "normalized_power": 171.0620445237914,
      "intensity_factor": 0.7279235937182613,
      "power_ratio": 0.7230274822695036,
      "time_above_95": 0.0,
      "time_above_106": 0.0,
      "time_above_120": 0.0,
      "time_above_150": 0.0,
      "heart_rate_avg": 134.59114583333334,
      "heart_rate_max": 141,
      "heart_rate_slope": 0.026041666666666668,
      "metadata": {
        "hr_percent_max": 0.6902110042735043
      }
    },
    {
      "start": 715,
      "end": 1776,
      "duration": 1061,
      "classification": "tempo",
      "average_power": 193.90594594594594,
      "peak_power": 225.0,
      "normalized_power": 194.6651600939902,
      "intensity_factor": 0.8283623833786817,
      "power_ratio": 0.8251316848763657,
      "time_above_95": 0.002162162162162162,
      "time_above_106": 0.0,
      "time_above_120": 0.0,
      "time_above_150": 0.0,
      "heart_rate_avg": 145.82162162162163,
      "heart_rate_max": 155,
      "heart_rate_slope": 0.015135135135135135,
      "metadata": {
        "hr_percent_max": 0.7478031878031879
      }
    },
    {
      "start": 1776,
      "end": 2131,
      "duration": 355,
      "classification": "threshold",
      "average_power": 235.2281690140845,
      "peak_power": 260.0,
      "normalized_power": 235.45228766282227,
      "intensity_factor": 1.0019246283524352,
      "power_ratio": 1.0009709319748277,
      "time_above_95": 0.9605633802816902,
      "time_above_106": 0.030985915492957747,
      "time_above_120": 0.0,
      "time_above_150": 0.0,
      "heart_rate_avg": 161.00845070422534,
      "heart_rate_max": 168,
      "heart_rate_slope": 0.04788732394366197,
      "metadata": {
        "hr_percent_max": 0.8256843625857709
      }
    },
    {
      "start": 2131,
      "end": 2887,
      "duration": 910,
      "classification": "vo2max",
      "average_power": 258.63296703296703,
      "peak_power": 278.0,
      "normalized_power": 258.4324318134902,
      "intensity_factor": 1.099712475802086,
      "power_ratio": 1.1005658171615618,
      "time_above_95": 0.9912087912087912,
      "time_above_106": 0.8538461538461538,
      "time_above_120": 0.0,
      "time_above_150": 0.0,
      "heart_rate_avg": 175.12307692307692,
      "heart_rate_max": 195,
      "heart_rate_slope": -0.007692307692307693,
      "metadata": {
        "hr_percent_max": 0.8980670611439843
      }
    }
  ],
  "preview_image": "data/zone_previews/strava_16241485136_zones.png",
  "zone_segments": [
    {
      "metric": "power",
      "zone": "Z2",
      "label": "Endurance",
      "start_time": 9.50732064421669,
      "end_time": 34.860175695461194,
      "duration_seconds": 25.352855051244507,
      "height": 0.3826950354609928,
      "intensity_ratio": 0.628368794326241,
      "average_value": 147.66666666666666
    },
    {
      "metric": "power",
      "zone": "Z1",
      "label": "Active Recovery",
      "start_time": 34.860175695461194,
      "end_time": 50.705710102489014,
      "duration_seconds": 15.845534407027817,
      "height": 0.2838168923275306,
      "intensity_ratio": 0.4504964539007092,
      "average_value": 105.86666666666666
    },
    {
      "metric": "power",
      "zone": "Z2",
      "label": "Endurance",
      "start_time": 50.705710102489014,
      "end_time": 70.77672035139092,
      "duration_seconds": 16.901903367496338,
      "height": 0.3548936170212766,
      "intensity_ratio": 0.5936170212765958,
      "average_value": 139.5
    },
    {
      "metric": "power",
      "zone": "Z4",
      "label": "Threshold",
      "start_time": 70.77672035139092,
      "end_time": 77.11493411420204,
      "duration_seconds": 6.338213762811127,
      "height": 0.6676595744680851,
      "intensity_ratio": 0.9446808510638298,
      "average_value": 222.0
    },
    {
      "metric": "power",
      "zone": "Z3",
      "label": "Tempo",
      "start_time": 77.11493411420204,
      "end_time": 200.71010248901902,
      "duration_seconds": 123.59516837481698,
      "height": 0.556097472267685,
      "intensity_ratio": 0.8315330060010911,
      "average_value": 195.4102564102564
    },
    {
      "metric": "power",
      "zone": "Z2",
      "label": "Endurance",
      "start_time": 200.71010248901902,
      "end_time": 205.9919472913616,
      "duration_seconds": 5.281844802342606,
      "height": 0.40629787234042547,
      "intensity_ratio": 0.6578723404255319,
      "average_value": 154.6
    },
    {
      "metric": "power",
      "zone": "Z1",
      "label": "Active Recovery",
      "start_time": 205.9919472913616,
      "end_time": 216.55563689604682,
      "duration_seconds": 10.563689604685212,
      "height": 0.30769825918762084,
      "intensity_ratio": 0.5161702127659574,
      "average_value": 121.3
    },
    {
      "metric": "power",
      "zone": "Z2",
      "label": "Endurance",
      "start_time": 216.55563689604682,
      "end_time": 238.73938506588578,
      "duration_seconds": 22.183748169838942,
      "height": 0.43716312056737583,
      "intensity_ratio": 0.6964539007092199,
      "average_value": 163.66666666666666
    },
    {
      "metric": "power",
      "zone": "Z2",
      "label": "Endurance",
      "start_time": 238.73938506588578,
      "end_time": 258.8103953147877,
      "duration_seconds": 20.071010248901903,
      "height": 0.45281075027995527,
      "intensity_ratio": 0.7160134378499441,
      "average_value": 168.26315789473685
    },
    {
      "metric": "power",
      "zone": "Z3",
      "label": "Tempo",
      "start_time": 258.8103953147877,
      "end_time": 314.7979502196193,
      "duration_seconds": 55.98755490483162,
      "height": 0.5061340826977117,
      "intensity_ratio": 0.7780008028904054,
      "average_value": 182.83018867924528
    },
    {
      "metric": "power",
      "zone": "Z2",
      "label": "Endurance",
      "start_time": 314.7979502196193,
      "end_time": 386.63103953147873,
      "duration_seconds": 71.83308931185944,
      "height": 0.4348936170212766,
      "intensity_ratio": 0.6936170212765957,
      "average_value": 163.0
    },
    {
      "metric": "power",
      "zone": "Z3",
      "label": "Tempo",
      "start_time": 386.63103953147873,
      "end_time": 438.39311859443626,
      "duration_seconds": 51.76207906295753,
      "height": 0.5357446808510637,
      "intensity_ratio": 0.8097264437689969,
      "average_value": 190.28571428571428
    },
    {
      "metric": "power",
      "zone": "Z2",
      "label": "Endurance",
      "start_time": 438.39311859443626,
      "end_time": 458.4641288433382,
      "duration_seconds": 20.071010248901903,
      "height": 0.4594400895856663,
      "intensity_ratio": 0.7243001119820829,
      "average_value": 170.21052631578948
    },
    {
      "metric": "power",
      "zone": "Z3",
      "label": "Tempo",
      "start_time": 458.4641288433382,
      "end_time": 471.1405563689604,
      "duration_seconds": 12.676427525622254,
      "height": 0.5044917257683215,
      "intensity_ratio": 0.776241134751773,
      "average_value": 182.41666666666666
    },
    {
      "metric": "power",
      "zone": "Z2",
      "label": "Endurance",