{
  "duration": 1814,
  "ftp": 235.0,
  "items": [
    {
      "start": 0,
      "end": 146,
      "duration": 146,
      "classification": "endurance",
      "average_power": 138.7876712328767,
      "peak_power": 175.0,
      "normalized_power": 143.4785815176594,
      "intensity_factor": 0.6105471553942953,
      "power_ratio": 0.5905858350335179,
      "time_above_95": 0.0,
      "time_above_106": 0.0,
      "time_above_120": 0.0,
      "time_above_150": 0.0,
      "heart_rate_avg": 116.32191780821918,
      "heart_rate_max": 140,
      "heart_rate_slope": 0.3904109589041096,
      "metadata": {
        "hr_percent_max": 0.5965226554267651
      }
    },
    {
      "start": 146,
      "end": 366,
      "duration": 220,
      "classification": "tempo",
      "average_power": 197.61363636363637,
      "peak_power": 235.0,
      "normalized_power": 198.14155785095767,
      "intensity_factor": 0.8431555653232241,
      "power_ratio": 0.8409090909090909,
      "time_above_95": 0.013636363636363636,
      "time_above_106": 0.0,
      "time_above_120": 0.0,
      "time_above_150": 0.0,
      "heart_rate_avg": 151.45909090909092,
      "heart_rate_max": 160,
      "heart_rate_slope": 0.08181818181818182,
      "metadata": {
        "hr_percent_max": 0.7767132867132868
      }
    },
    {
      "start": 366,
      "end": 418,
      "duration": 52,
      "classification": "threshold",
      "average_power": 234.46153846153845,
      "peak_power": 235.0,
      "normalized_power": 234.4725856519406,
      "intensity_factor": 0.9977556836252791,
      "power_ratio": 0.9977086743044189,
      "time_above_95": 1.0,
      "time_above_106": 0.0,
      "time_above_120": 0.0,
      "time_above_150": 0.0,
      "heart_rate_avg": 162.80769230769232,
      "heart_rate_max": 165,
      "heart_rate_slope": 0.11538461538461539,
      "metadata": {
        "hr_percent_max": 0.8349112426035503
      }
    },
    {
      "start": 418,
      "end": 484,
      "duration": 66,
      "classification": "vo2max",
      "average_power": 265.4848484848485,
      "peak_power": 270.0,
      "normalized_power": 261.0949192724528,
      "intensity_factor": 1.1110422096700119,
      "power_ratio": 1.1297227595099937,
      "time_above_95": 0.9848484848484849,
      "time_above_106": 0.9090909090909091,
      "time_above_120": 0.0,
      "time_above_150": 0.0,
      "heart_rate_avg": 169.13636363636363,
      "heart_rate_max": 172,
      "heart_rate_slope": 0.09090909090909091,
      "metadata": {
        "hr_percent_max": 0.8673659673659673
      }
    },
    {
      "start": 484,
      "end": 560,
      "duration": 76,
      "classification": "endurance",
      "average_power": 174.52631578947367,
      "peak_power": 175.0,
      "normalized_power": 174.47334235291905,
      "intensity_factor": 0.7424397546932725,
      "power_ratio": 0.7426651735722284,
      "time_above_95": 0.0,
      "time_above_106": 0.0,
      "time_above_120": 0.0,
      "time_above_150": 0.0,
      "heart_rate_avg": 168.6315789473684,
      "heart_rate_max": 171,
      "heart_rate_slope": -0.02631578947368421,
      "metadata": {
        "hr_percent_max": 0.8647773279352227
      }
    },
    {
      "start": 560,
      "end": 756,
      "duration": 196,
      "classification": "tempo",
      "average_power": 198.6887755102041,
      "peak_power": 235.0,
      "normalized_power": 199.23893498977526,
      "intensity_factor": 0.8478252552756395,
      "power_ratio": 0.8454841511072515,
      "time_above_95": 0.015306122448979591,
      "time_above_106": 0.0,
      "time_above_120": 0.0,
      "time_above_150": 0.0,
      "heart_rate_avg": 164.20408163265307,
      "heart_rate_max": 170,
      "heart_rate_slope": -0.015306122448979591,
      "metadata": {
        "hr_percent_max": 0.842072213500785
      }
    },
    {
      "start": 756,
      "end": 868,
      "duration": 112,
      "classification": "threshold",
      "average_power": 234.45535714285714,
      "peak_power": 235.0,
      "normalized_power": 234.4876301315934,
      "intensity_factor": 0.9978197026876314,
      "power_ratio": 0.9976823708206687,
      "time_above_95": 1.0,
      "time_above_106": 0.0,
      "time_above_120": 0.0,
      "time_above_150": 0.0,
      "heart_rate_avg": 168.5625,
      "heart_rate_max": 177,
      "heart_rate_slope": 0.08928571428571429,
      "metadata": {
        "hr_percent_max": 0.864423076923077
      }
    },
    {
      "start": 868,
      "end": 993,
      "duration": 125,
      "classification": "vo2max",
      "average_power": 267.936,
      "peak_power": 270.0,
      "normalized_power": 266.14374042496615,
      "intensity_factor": 1.132526554999856,
      "power_ratio": 1.1401531914893617,
      "time_above_95": 0.992,
      "time_above_106": 0.96,
      "time_above_120": 0.0,
      "time_above_150": 0.0,
      "heart_rate_avg": 178.344,
      "heart_rate_max": 186,
      "heart_rate_slope": 0.072,
      "metadata": {
        "hr_percent_max": 0.9145846153846153
      }
    },
    {
      "start": 993,
      "end": 1070,
      "duration": 77,
      "classification": "endurance",
      "average_power": 174.5064935064935,
      "peak_power": 175.0,
      "normalized_power": 174.45335376358142,
      "intensity_factor": 0.742354696866304,
      "power_ratio": 0.7425808234318872,
      "time_above_95": 0.0,
      "time_above_106": 0.0,
      "time_above_120": 0.0,
      "time_above_150": 0.0,
      "heart_rate_avg": 179.66233766233765,
      "heart_rate_max": 185,
      "heart_rate_slope": -0.1038961038961039,
      "metadata": {
        "hr_percent_max": 0.9213453213453213
      }
    },
    {
      "start": 1070,
      "end": 1266,
      "duration": 196,
      "classification": "tempo",
      "average_power": 198.66326530612244,
      "peak_power": 235.0,
      "normalized_power": 199.22652198411376,
      "intensity_factor": 0.8477724339749522,
      "power_ratio": 0.8453755970473296,
      "time_above_95": 0.02040816326530612,
      "time_above_106": 0.0,
      "time_above_120": 0.0,
      "time_above_150": 0.0,
      "heart_rate_avg": 173.6887755102041,
      "heart_rate_max": 179,
      "heart_rate_slope": -0.01020408163265306,
      "metadata": {
        "hr_percent_max": 0.890711669283098
      }
    },
    {
      "start": 1266,
      "end": 1438,
      "duration": 172,
      "classification": "threshold",
      "average_power": 234.4593023255814,
      "peak_power": 235.0,
      "normalized_power": 234.4438640386907,
      "intensity_factor": 0.9976334639944284,
      "power_ratio": 0.9976991588322613,
      "time_above_95": 1.0,
      "time_above_106": 0.0,
      "time_above_120": 0.0,
      "time_above_150": 0.0,
      "heart_rate_avg": 179.79651162790697,
      "heart_rate_max": 184,
      "heart_rate_slope": 0.046511627906976744,
      "metadata": {
        "hr_percent_max": 0.9220333929636255
      }
    },
    {
      "start": 1438,
      "end": 1623,
      "duration": 185,
      "classification": "vo2max",
      "average_power": 268.41621621621624,
      "peak_power": 270.0,
      "normalized_power": 267.1204758417978,
      "intensity_factor": 1.136682875922544,
      "power_ratio": 1.1421966647498563,
      "time_above_95": 0.9945945945945946,
      "time_above_106": 0.972972972972973,
      "time_above_120": 0.0,
      "time_above_150": 0.0,
      "heart_rate_avg": 185.75675675675674,
      "heart_rate_max": 191,
      "heart_rate_slope": 0.043243243243243246,
      "metadata": {
        "hr_percent_max": 0.9525987525987525
      }
    },
    {
      "start": 1623,
      "end": 1815,
      "duration": 192,
      "classification": "endurance",
      "average_power": 131.70833333333334,
      "peak_power": 175.0,
      "normalized_power": 140.58468490727608,
      "intensity_factor": 0.5982327017330897,
      "power_ratio": 0.5604609929078015,
      "time_above_95": 0.0,
      "time_above_106": 0.0,
      "time_above_120": 0.0,
      "time_above_150": 0.0,