{
  "duration": 3612,
  "ftp": 235.0,
  "items": [
    {
      "start": 0,
      "end": 2214,
      "duration": 2214,
      "classification": "endurance",
      "average_power": 129.2420957542909,
      "peak_power": 130.0,
      "normalized_power": 129.24377147178703,
      "intensity_factor": 0.5499734956246256,
      "power_ratio": 0.5499663649118761,
      "time_above_95": 0.0,
      "time_above_106": 0.0,
      "time_above_120": 0.0,
      "time_above_150": 0.0,
      "heart_rate_avg": 134.58626919602528,
      "heart_rate_max": 144,
      "heart_rate_slope": 0.023486901535682024,
      "metadata": {
        "hr_percent_max": 0.6901859958770528
      }
    },
    {
      "start": 2214,
      "end": 2549,
      "duration": 335,
      "classification": "recovery",
      "average_power": 116.61492537313433,
      "peak_power": 130.0,
      "normalized_power": 116.96634124882983,
      "intensity_factor": 0.49772911169714823,
      "power_ratio": 0.496233724992061,
      "time_above_95": 0.0,
      "time_above_106": 0.0,
      "time_above_120": 0.0,
      "time_above_150": 0.0,
      "heart_rate_avg": 133.97611940298506,
      "heart_rate_max": 140,
      "heart_rate_slope": 0.0,
      "metadata": {
        "hr_percent_max": 0.6870570225794106
      }
    },
    {
      "start": 2549,
      "end": 3613,
      "duration": 1064,
      "classification": "endurance",
      "average_power": 140.0169172932331,
      "peak_power": 150.0,
      "normalized_power": 141.24502584370893,
      "intensity_factor": 0.6010426631647189,
      "power_ratio": 0.5958166693329068,
      "time_above_95": 0.0,
      "time_above_106": 0.0,
      "time_above_120": 0.0,
      "time_above_150": 0.0,
      "heart_rate_avg": 139.42857142857142,
      "heart_rate_max": 145,
      "heart_rate_slope": 0.0037593984962406013,
      "metadata": {
        "hr_percent_max": 0.7150183150183149
      }
    }
  ],
  "preview_image": "data/zone_previews/strava_15960742758_zones.png",
  "zone_segments": [
    {
      "metric": "power",
      "zone": "Z1",
      "label": "Active Recovery",
      "start_time": 0.0,
      "end_time": 59.0,
      "duration_seconds": 59.0,
      "height": 0.30524079598727993,
      "intensity_ratio": 0.5094121889650198,
      "average_value": 119.71186440677967
    },
    {
      "metric": "power",
      "zone": "Z2",
      "label": "Endurance",
      "start_time": 59.0,
      "end_time": 186.0,
      "duration_seconds": 127.0,
      "height": 0.3207572457698107,
      "intensity_ratio": 0.5509465572122634,
      "average_value": 129.4724409448819
    },
    {
      "metric": "power",
      "zone": "Z2",
      "label": "Endurance",
      "start_time": 186.0,
      "end_time": 209.0,
      "duration_seconds": 23.0,
      "height": 0.32092506938020354,
      "intensity_ratio": 0.5511563367252544,
      "average_value": 129.52173913043478
    },
    {
      "metric": "power",
      "zone": "Z2",
      "label": "Endurance",
      "start_time": 209.0,
      "end_time": 240.0,
      "duration_seconds": 31.0,
      "height": 0.3207961564859299,
      "intensity_ratio": 0.5509951956074124,
      "average_value": 129.48387096774192
    },
    {
      "metric": "power",
      "zone": "Z2",
      "label": "Endurance",
      "start_time": 240.0,
      "end_time": 287.0,
      "duration_seconds": 47.0,
      "height": 0.32095971027614306,
      "intensity_ratio": 0.5511996378451789,
      "average_value": 129.53191489361703
    },
    {
      "metric": "power",
      "zone": "Z1",
      "label": "Active Recovery",
      "start_time": 287.0,
      "end_time": 330.0,
      "duration_seconds": 43.0,
      "height": 0.32,
      "intensity_ratio": 0.5507174666006927,
      "average_value": 129.41860465116278
    },
    {
      "metric": "power",
      "zone": "Z1",
      "label": "Active Recovery",
      "start_time": 330.0,
      "end_time": 341.0,
      "duration_seconds": 11.0,
      "height": 0.32,
      "intensity_ratio": 0.5508704061895552,
      "average_value": 129.45454545454547
    },
    {
      "metric": "power",
      "zone": "Z1",
      "label": "Active Recovery",
      "start_time": 341.0,
      "end_time": 430.0,
      "duration_seconds": 89.0,
      "height": 0.32,
      "intensity_ratio": 0.5509921109251733,
      "average_value": 129.48314606741573
    },
    {
      "metric": "power",
      "zone": "Z1",
      "label": "Active Recovery",
      "start_time": 430.0,
      "end_time": 440.0,
      "duration_seconds": 10.0,
      "height": 0.32,
      "intensity_ratio": 0.5506382978723404,
      "average_value": 129.4
    },
    {
      "metric": "power",
      "zone": "Z1",
      "label": "Active Recovery",
      "start_time": 440.0,
      "end_time": 450.0,
      "duration_seconds": 10.0,
      "height": 0.32,
      "intensity_ratio": 0.5502127659574468,
      "average_value": 129.3
    },
    {
      "metric": "power",
      "zone": "Z1",
      "label": "Active Recovery",
      "start_time": 450.0,
      "end_time": 580.0,
      "duration_seconds": 130.0,
      "height": 0.32,
      "intensity_ratio": 0.5510965630114566,
      "average_value": 129.5076923076923
    },
    {
      "metric": "power",
      "zone": "Z1",
      "label": "Active Recovery",
      "start_time": 580.0,
      "end_time": 601.0,
      "duration_seconds": 21.0,
      "height": 0.32,
      "intensity_ratio": 0.5509625126646404,
      "average_value": 129.47619047619048
    },
    {
      "metric": "power",
      "zone": "Z1",
      "label": "Active Recovery",
      "start_time": 601.0,
      "end_time": 615.0,
      "duration_seconds": 14.0,
      "height": 0.32,
      "intensity_ratio": 0.5504559270516718,
      "average_value": 129.35714285714286
    },
    {
      "metric": "power",
      "zone": "Z1",
      "label": "Active Recovery",
      "start_time": 615.0,
      "end_time": 632.0,
      "duration_seconds": 17.0,
      "height": 0.32,
      "intensity_ratio": 0.5504380475594493,
      "average_value": 129.35294117647058
    },
    {
      "metric": "power",
      "zone": "Z2",
      "label": "Endurance",
      "start_time": 632.0,
      "end_time": 640.0,
      "duration_seconds": 8.0,
      "height": 0.32170212765957445,
      "intensity_ratio": 0.5521276595744681,
      "average_value": 129.75
    },
    {
      "metric": "power",
      "zone": "Z2",
      "label": "Endurance",
      "start_time": 640.0,
      "end_time": 673.0,
      "duration_seconds": 33.0,
      "height": 0.32121212121212117,
      "intensity_ratio": 0.5515151515151515,
      "average_value": 129.6060606060606
    },
    {
      "metric": "power",
      "zone": "Z1",
      "label": "Active Recovery",
      "start_time": 673.0,
      "end_time": 728.0,
      "duration_seconds": 55.0,
      "height": 0.32,
      "intensity_ratio": 0.5511798839458414,
      "average_value": 129.52727272727273
    },
    {
      "metric": "power",
      "zone": "Z1",
      "label": "Active Recovery",
      "start_time": 728.0,
      "end_time": 797.0,
      "duration_seconds": 69.0,
      "height": 0.32,
      "intensity_ratio": 0.550786308973173,
      "average_value": 129.43478260869566
    },
    {
      "metric": "power",
      "zone": "Z1",
      "label": "Active Recovery",
      "start_time": 797.0,
      "end_time": 850.0,
      "duration_seconds": 53.0,
      "height": 0.32,
      "intensity_ratio": 0.5507828181453231,
      "average_value": 129.43396226415095
    },
    {
      "metric": "power",
      "zone": "Z2",
      "label": "Endurance",
      "start_time": 850.0,
      "end_time": 856.0,
      "duration_seconds": 6.0,
      "height": 0.3225531914893617,
      "intensity_ratio": 0.5531914893617021,
      "average_value": 130.0
    },
    {
      "metric": "power",
      "zone": "Z1",
      "label": "Active Recovery",
      "start_time": 856.0,
      "end_time": 873.0,
      "duration_seconds": 17.0,
      "height": 0.32,
      "intensity_ratio": 0.5504380475594493,