{
  "duration": 1489,
  "ftp": 235.0,
  "items": [
    {
      "start": 0,
      "end": 938,
      "duration": 938,
      "classification": "recovery",
      "average_power": 109.07336956521739,
      "peak_power": 188.0,
      "normalized_power": 111.06089428621273,
      "intensity_factor": 0.4725995501540967,
      "power_ratio": 0.46414199814986123,
      "time_above_95": 0.0,
      "time_above_106": 0.0,
      "time_above_120": 0.0,
      "time_above_150": 0.0,
      "heart_rate_avg": 151.02309782608697,
      "heart_rate_max": 159,
      "heart_rate_slope": 0.033967391304347824,
      "metadata": {
        "hr_percent_max": 0.7744774247491639
      }
    },
    {
      "start": 938,
      "end": 1165,
      "duration": 227,
      "classification": "vo2max",
      "average_power": 272.7180616740088,
      "peak_power": 343.0,
      "normalized_power": 271.34723748684695,
      "intensity_factor": 1.1546690956887105,
      "power_ratio": 1.1605023901021652,
      "time_above_95": 0.9691629955947136,
      "time_above_106": 0.9427312775330396,
      "time_above_120": 0.33480176211453744,
      "time_above_150": 0.0,
      "heart_rate_avg": 183.9339207048458,
      "heart_rate_max": 198,
      "heart_rate_slope": 0.21145374449339208,
      "metadata": {
        "hr_percent_max": 0.9432508754094656
      }
    },
    {
      "start": 1165,
      "end": 1490,
      "duration": 527,
      "classification": "recovery",
      "average_power": 57.111954459203034,
      "peak_power": 130.0,
      "normalized_power": 58.26386306250623,
      "intensity_factor": 0.2479313321808776,
      "power_ratio": 0.24302959344341715,
      "time_above_95": 0.0,
      "time_above_106": 0.0,
      "time_above_120": 0.0,
      "time_above_150": 0.0,
      "heart_rate_avg": 168.2675521821632,
      "heart_rate_max": 197,
      "heart_rate_slope": -0.08349146110056926,
      "metadata": {
        "hr_percent_max": 0.8629105240110934
      }
    }
  ],
  "preview_image": "data/zone_previews/strava_14104256973_zones.png",
  "zone_segments": [
    {
      "metric": "power",
      "zone": "Z1",
      "label": "Active Recovery",
      "start_time": 0.0,
      "end_time": 27.76689976689977,
      "duration_seconds": 27.76689976689977,
      "height": 0.24308188265635072,
      "intensity_ratio": 0.33847517730496457,
      "average_value": 79.54166666666667
    },
    {
      "metric": "power",
      "zone": "Z1",
      "label": "Active Recovery",
      "start_time": 27.76689976689977,
      "end_time": 39.33644133644134,
      "duration_seconds": 11.56954156954157,
      "height": 0.30816247582205025,
      "intensity_ratio": 0.5174468085106383,
      "average_value": 121.6
    },
    {
      "metric": "power",
      "zone": "Z1",
      "label": "Active Recovery",
      "start_time": 39.33644133644134,
      "end_time": 54.37684537684538,
      "duration_seconds": 15.040404040404042,
      "height": 0.3103288201160541,
      "intensity_ratio": 0.5234042553191489,
      "average_value": 123.0
    },
    {
      "metric": "power",
      "zone": "Z2",
      "label": "Endurance",
      "start_time": 54.37684537684538,
      "end_time": 68.26029526029527,
      "duration_seconds": 13.883449883449885,
      "height": 0.3475177304964539,
      "intensity_ratio": 0.5843971631205674,
      "average_value": 137.33333333333334
    },
    {
      "metric": "power",
      "zone": "Z1",
      "label": "Active Recovery",
      "start_time": 68.26029526029527,
      "end_time": 84.45765345765346,
      "duration_seconds": 16.1973581973582,
      "height": 0.3103288201160541,
      "intensity_ratio": 0.5234042553191489,
      "average_value": 123.0
    },
    {
      "metric": "power",
      "zone": "Z1",
      "label": "Active Recovery",
      "start_time": 84.45765345765346,
      "end_time": 91.3993783993784,
      "duration_seconds": 6.941724941724942,
      "height": 0.3054287556415216,
      "intensity_ratio": 0.5099290780141844,
      "average_value": 119.83333333333333
    },
    {
      "metric": "power",
      "zone": "Z1",
      "label": "Active Recovery",
      "start_time": 91.3993783993784,
      "end_time": 99.4980574980575,
      "duration_seconds": 8.0986790986791,
      "height": 0.30856037579441836,
      "intensity_ratio": 0.5185410334346505,
      "average_value": 121.85714285714286
    },
    {
      "metric": "power",
      "zone": "Z1",
      "label": "Active Recovery",
      "start_time": 99.4980574980575,
      "end_time": 138.83449883449885,
      "duration_seconds": 39.33644133644134,
      "height": 0.3019092046876778,
      "intensity_ratio": 0.5002503128911139,
      "average_value": 117.55882352941177
    },
    {
      "metric": "power",
      "zone": "Z1",
      "label": "Active Recovery",
      "start_time": 138.83449883449885,
      "end_time": 177.01398601398603,
      "duration_seconds": 38.17948717948718,
      "height": 0.2911036867709982,
      "intensity_ratio": 0.470535138620245,
      "average_value": 110.57575757575758
    },
    {
      "metric": "power",
      "zone": "Z1",
      "label": "Active Recovery",
      "start_time": 177.01398601398603,
      "end_time": 205.93783993783995,
      "duration_seconds": 28.923853923853926,
      "height": 0.2971450676982592,
      "intensity_ratio": 0.48714893617021277,
      "average_value": 114.48
    },
    {
      "metric": "power",
      "zone": "Z1",
      "label": "Active Recovery",
      "start_time": 205.93783993783995,
      "end_time": 212.8795648795649,
      "duration_seconds": 6.941724941724942,
      "height": 0.2956286266924565,
      "intensity_ratio": 0.4829787234042553,
      "average_value": 113.5
    },
    {
      "metric": "power",
      "zone": "Z1",
      "label": "Active Recovery",
      "start_time": 212.8795648795649,
      "end_time": 270.72727272727275,
      "duration_seconds": 57.84770784770785,
      "height": 0.2544990328820116,
      "intensity_ratio": 0.3698723404255319,
      "average_value": 86.92
    },
    {
      "metric": "power",
      "zone": "Z1",
      "label": "Active Recovery",
      "start_time": 270.72727272727275,
      "end_time": 296.1802641802642,
      "duration_seconds": 25.452991452991455,
      "height": 0.2916194830314753,
      "intensity_ratio": 0.47195357833655704,
      "average_value": 110.9090909090909
    },
    {
      "metric": "power",
      "zone": "Z1",
      "label": "Active Recovery",
      "start_time": 296.1802641802642,
      "end_time": 411.8756798756799,
      "duration_seconds": 115.6954156954157,
      "height": 0.2944835589941973,
      "intensity_ratio": 0.47982978723404257,
      "average_value": 112.76
    },
    {
      "metric": "power",
      "zone": "Z1",
      "label": "Active Recovery",
      "start_time": 411.8756798756799,
      "end_time": 462.7816627816628,
      "duration_seconds": 50.90598290598291,
      "height": 0.3008686477932126,
      "intensity_ratio": 0.49738878143133464,
      "average_value": 116.88636363636364
    },
    {
      "metric": "power",
      "zone": "Z1",
      "label": "Active Recovery",
      "start_time": 462.7816627816628,
      "end_time": 475.50815850815854,
      "duration_seconds": 12.726495726495727,
      "height": 0.3107508352382627,
      "intensity_ratio": 0.5245647969052224,
      "average_value": 123.27272727272727
    },
    {
      "metric": "power",
      "zone": "Z1",
      "label": "Active Recovery",
      "start_time": 475.50815850815854,
      "end_time": 483.60683760683764,
      "duration_seconds": 8.0986790986791,
      "height": 0.31276043105830337,
      "intensity_ratio": 0.5300911854103343,
      "average_value": 124.57142857142857
    },
    {
      "metric": "power",
      "zone": "Z1",
      "label": "Active Recovery",
      "start_time": 483.60683760683764,
      "end_time": 503.2750582750583,
      "duration_seconds": 19.66822066822067,
      "height": 0.3092365456821026,
      "intensity_ratio": 0.5204005006257822,