{
  "duration": 3167,
  "ftp": 235.0,
  "items": [
    {
      "start": 0,
      "end": 1967,
      "duration": 1967,
      "classification": "tempo",
      "average_power": 193.51573976915006,
      "peak_power": 234.0,
      "normalized_power": 195.0523130186547,
      "intensity_factor": 0.8300098426325732,
      "power_ratio": 0.823471233060213,
      "time_above_95": 0.021511017838405037,
      "time_above_106": 0.0,
      "time_above_120": 0.0,
      "time_above_150": 0.0,
      "heart_rate_avg": 143.58604407135363,
      "heart_rate_max": 158,
      "heart_rate_slope": 0.03305351521511018,
      "metadata": {
        "hr_percent_max": 0.7363386875454032
      }
    },
    {
      "start": 1967,
      "end": 2030,
      "duration": 63,
      "classification": "threshold",
      "average_power": 227.25396825396825,
      "peak_power": 275.0,
      "normalized_power": 228.09063466917812,
      "intensity_factor": 0.9705984454007579,
      "power_ratio": 0.9670381627828436,
      "time_above_95": 0.5238095238095238,
      "time_above_106": 0.19047619047619047,
      "time_above_120": 0.0,
      "time_above_150": 0.0,
      "heart_rate_avg": 155.82539682539684,
      "heart_rate_max": 158,
      "heart_rate_slope": 0.12698412698412698,
      "metadata": {
        "hr_percent_max": 0.7991045991045992
      }
    },
    {
      "start": 2030,
      "end": 3168,
      "duration": 1199,
      "classification": "tempo",
      "average_power": 189.67556296914094,
      "peak_power": 233.0,
      "normalized_power": 191.367420083247,
      "intensity_factor": 0.8143294471627531,
      "power_ratio": 0.8071300551878338,
      "time_above_95": 0.0050041701417848205,
      "time_above_106": 0.0,
      "time_above_120": 0.0,
      "time_above_150": 0.0,
      "heart_rate_avg": 152.24020016680566,
      "heart_rate_max": 159,
      "heart_rate_slope": -0.0050041701417848205,
      "metadata": {
        "hr_percent_max": 0.780718975214388
      }
    }
  ],
  "preview_image": "data/zone_previews/strava_15411796872_zones.png",
  "zone_segments": [
    {
      "metric": "power",
      "zone": "Z3",
      "label": "Tempo",
      "start_time": 9.176754668383772,
      "end_time": 23.45170637475853,
      "duration_seconds": 14.274951706374758,
      "height": 0.5712056737588652,
      "intensity_ratio": 0.8477203647416414,
      "average_value": 199.21428571428572
    },
    {
      "metric": "power",
      "zone": "Z4",
      "label": "Threshold",
      "start_time": 23.45170637475853,
      "end_time": 78.51223438506116,
      "duration_seconds": 55.06052801030263,
      "height": 0.6617756763856053,
      "intensity_ratio": 0.939164696611505,
      "average_value": 220.7037037037037
    },
    {
      "metric": "power",
      "zone": "Z3",
      "label": "Tempo",
      "start_time": 78.51223438506116,
      "end_time": 145.80843528654216,
      "duration_seconds": 67.296200901481,
      "height": 0.5447797120137545,
      "intensity_ratio": 0.8194068343004514,
      "average_value": 192.56060606060606
    },
    {
      "metric": "power",
      "zone": "Z2",
      "label": "Endurance",
      "start_time": 145.80843528654216,
      "end_time": 216.16355441081774,
      "duration_seconds": 70.35511912427559,
      "height": 0.4688374961455442,
      "intensity_ratio": 0.7360468701819303,
      "average_value": 172.97101449275362
    },
    {
      "metric": "power",
      "zone": "Z3",
      "label": "Tempo",
      "start_time": 216.16355441081774,
      "end_time": 257.9687701223438,
      "duration_seconds": 41.805215711526074,
      "height": 0.4961529147206365,
      "intensity_ratio": 0.7673066943435392,
      "average_value": 180.3170731707317
    },
    {
      "metric": "power",
      "zone": "Z2",
      "label": "Endurance",
      "start_time": 257.9687701223438,
      "end_time": 273.26336123631677,
      "duration_seconds": 15.294591113972954,
      "height": 0.4791489361702127,
      "intensity_ratio": 0.7489361702127659,
      "average_value": 176.0
    },
    {
      "metric": "power",
      "zone": "Z3",
      "label": "Tempo",
      "start_time": 273.26336123631677,
      "end_time": 446.60206052801027,
      "duration_seconds": 173.33869929169347,
      "height": 0.5246107634543179,
      "intensity_ratio": 0.7977972465581977,
      "average_value": 187.48235294117646
    },
    {
      "metric": "power",
      "zone": "Z4",
      "label": "Threshold",
      "start_time": 446.60206052801027,
      "end_time": 476.17160334835796,
      "duration_seconds": 29.56954282034771,
      "height": 0.6446515040352164,
      "intensity_ratio": 0.9231107850330155,
      "average_value": 216.93103448275863
    },
    {
      "metric": "power",
      "zone": "Z3",
      "label": "Tempo",
      "start_time": 476.17160334835796,
      "end_time": 1021.6786864133933,
      "duration_seconds": 545.5070830650353,
      "height": 0.5582838205077219,
      "intensity_ratio": 0.8338755219725592,
      "average_value": 195.96074766355142
    },
    {
      "metric": "power",
      "zone": "Z4",
      "label": "Threshold",
      "start_time": 1021.6786864133933,
      "end_time": 1031.8750804893753,
      "duration_seconds": 10.196394075981969,
      "height": 0.6381560283687944,
      "intensity_ratio": 0.9170212765957447,
      "average_value": 215.5
    },
    {
      "metric": "power",
      "zone": "Z3",
      "label": "Tempo",
      "start_time": 1031.8750804893753,
      "end_time": 1091.0141661300706,
      "duration_seconds": 59.13908564069542,
      "height": 0.5937050623624358,
      "intensity_ratio": 0.8718268525311812,
      "average_value": 204.8793103448276
    },
    {
      "metric": "power",
      "zone": "Z4",
      "label": "Threshold",
      "start_time": 1091.0141661300706,
      "end_time": 1113.446233097231,
      "duration_seconds": 22.43206696716033,
      "height": 0.6639458413926499,
      "intensity_ratio": 0.9411992263056093,
      "average_value": 221.1818181818182
    },
    {
      "metric": "power",
      "zone": "Z3",
      "label": "Tempo",
      "start_time": 1113.446233097231,
      "end_time": 1135.8783000643914,
      "duration_seconds": 22.43206696716033,
      "height": 0.5820889748549323,
      "intensity_ratio": 0.8593810444874275,
      "average_value": 201.95454545454547
    },
    {
      "metric": "power",
      "zone": "Z3",
      "label": "Tempo",
      "start_time": 1135.8783000643914,
      "end_time": 1235.8029620090147,
      "duration_seconds": 99.9246619446233,
      "height": 0.5409726443768997,
      "intensity_ratio": 0.815327833260964,
      "average_value": 191.60204081632654
    },
    {
      "metric": "power",
      "zone": "Z2",
      "label": "Endurance",
      "start_time": 1235.8029620090147,
      "end_time": 1243.9600772698002,
      "duration_seconds": 8.157115260785575,
      "height": 0.47659574468085103,
      "intensity_ratio": 0.7457446808510638,
      "average_value": 175.25
    },
    {
      "metric": "power",
      "zone": "Z3",
      "label": "Tempo",
      "start_time": 1243.9600772698002,
      "end_time": 1257.2153895685767,
      "duration_seconds": 13.25531229877656,
      "height": 0.5077250409165303,
      "intensity_ratio": 0.7797054009819967,
      "average_value": 183.23076923076923
    },
    {
      "metric": "power",
      "zone": "Z1",
      "label": "Active Recovery",
      "start_time": 1259.2546683837732,
      "end_time": 1266.3921442369606,
      "duration_seconds": 7.137475853187379,
      "height": 0.2623597678916828,
      "intensity_ratio": 0.39148936170212767,
      "average_value": 92.0
    },
    {
      "metric": "power",
      "zone": "Z3",
      "label": "Tempo",
      "start_time": 1266.3921442369606,
      "end_time": 1283.72601416613,
      "duration_seconds": 17.33386992916935,
      "height": 0.5724572382144346,
      "intensity_ratio": 0.8490613266583229,
      "average_value": 199.52941176470588
    },
    {
      "metric": "power",
      "zone": "Z3",