{
  "duration": 3424,
  "ftp": 235.0,
  "items": [
    {
      "start": 0,
      "end": 296,
      "duration": 296,
      "classification": "threshold",
      "average_power": 220.69594594594594,
      "peak_power": 326.0,
      "normalized_power": 223.71061466731484,
      "intensity_factor": 0.9519600624141057,
      "power_ratio": 0.9391316848763657,
      "time_above_95": 0.5067567567567568,
      "time_above_106": 0.07432432432432433,
      "time_above_120": 0.0472972972972973,
      "time_above_150": 0.0,
      "heart_rate_avg": 139.27702702702703,
      "heart_rate_max": 152,
      "heart_rate_slope": 0.13851351351351351,
      "metadata": {
        "hr_percent_max": 0.7142411642411642
      }
    },
    {
      "start": 296,
      "end": 2773,
      "duration": 2477,
      "classification": "tempo",
      "average_power": 195.59628582963262,
      "peak_power": 237.0,
      "normalized_power": 196.3245840121988,
      "intensity_factor": 0.8354237617540375,
      "power_ratio": 0.8323246205516281,
      "time_above_95": 0.019378280177634235,
      "time_above_106": 0.0,
      "time_above_120": 0.0,
      "time_above_150": 0.0,
      "heart_rate_avg": 150.0347194186516,
      "heart_rate_max": 161,
      "heart_rate_slope": 0.006863140896245458,
      "metadata": {
        "hr_percent_max": 0.7694088175315467
      }
    },
    {
      "start": 2773,
      "end": 2900,
      "duration": 127,
      "classification": "threshold",
      "average_power": 232.22834645669292,
      "peak_power": 244.0,
      "normalized_power": 232.0956838532623,
      "intensity_factor": 0.9876412078862226,
      "power_ratio": 0.9882057296029486,
      "time_above_95": 0.8740157480314961,
      "time_above_106": 0.0,
      "time_above_120": 0.0,
      "time_above_150": 0.0,
      "heart_rate_avg": 167.20472440944883,
      "heart_rate_max": 171,
      "heart_rate_slope": 0.07086614173228346,
      "metadata": {
        "hr_percent_max": 0.8574601251766607
      }
    },
    {
      "start": 2900,
      "end": 2990,
      "duration": 90,
      "classification": "vo2max",
      "average_power": 245.38888888888889,
      "peak_power": 265.0,
      "normalized_power": 246.05947465694476,
      "intensity_factor": 1.0470615942848713,
      "power_ratio": 1.044208037825059,
      "time_above_95": 0.8777777777777778,
      "time_above_106": 0.5222222222222223,
      "time_above_120": 0.0,
      "time_above_150": 0.0,
      "heart_rate_avg": 171.0,
      "heart_rate_max": 173,
      "heart_rate_slope": -0.05555555555555555,
      "metadata": {
        "hr_percent_max": 0.8769230769230769
      }
    },
    {
      "start": 2990,
      "end": 3425,
      "duration": 435,
      "classification": "tempo",
      "average_power": 188.39770114942527,
      "peak_power": 216.0,
      "normalized_power": 188.42497567010162,
      "intensity_factor": 0.8018084071068153,
      "power_ratio": 0.8016923453167033,
      "time_above_95": 0.0,
      "time_above_106": 0.0,
      "time_above_120": 0.0,
      "time_above_150": 0.0,
      "heart_rate_avg": 158.28275862068966,
      "heart_rate_max": 165,
      "heart_rate_slope": -0.006896551724137931,
      "metadata": {
        "hr_percent_max": 0.8117064544650752
      }
    }
  ],
  "preview_image": "data/zone_previews/strava_12705831585_zones.png",
  "zone_segments": [
    {
      "metric": "power",
      "zone": "Z6",
      "label": "Anaerobic Capacity",
      "start_time": 9.0,
      "end_time": 23.0,
      "duration_seconds": 14.0,
      "height": 0.9105471124620061,
      "intensity_ratio": 1.301823708206687,
      "average_value": 305.92857142857144
    },
    {
      "metric": "power",
      "zone": "Z5",
      "label": "VO2max",
      "start_time": 23.0,
      "end_time": 35.0,
      "duration_seconds": 12.0,
      "height": 0.8031678486997637,
      "intensity_ratio": 1.0847517730496454,
      "average_value": 254.91666666666666
    },
    {
      "metric": "power",
      "zone": "Z4",
      "label": "Threshold",
      "start_time": 35.0,
      "end_time": 156.0,
      "duration_seconds": 121.0,
      "height": 0.7223527343063127,
      "intensity_ratio": 0.9959556884121682,
      "average_value": 234.0495867768595
    },
    {
      "metric": "power",
      "zone": "Z3",
      "label": "Tempo",
      "start_time": 156.0,
      "end_time": 162.0,
      "duration_seconds": 6.0,
      "height": 0.6001418439716312,
      "intensity_ratio": 0.8787234042553191,
      "average_value": 206.5
    },
    {
      "metric": "power",
      "zone": "Z4",
      "label": "Threshold",
      "start_time": 162.0,
      "end_time": 192.0,
      "duration_seconds": 30.0,
      "height": 0.6638770685579196,
      "intensity_ratio": 0.9411347517730496,
      "average_value": 221.16666666666666
    },
    {
      "metric": "power",
      "zone": "Z3",
      "label": "Tempo",
      "start_time": 192.0,
      "end_time": 198.0,
      "duration_seconds": 6.0,
      "height": 0.6107328605200946,
      "intensity_ratio": 0.8900709219858156,
      "average_value": 209.16666666666666
    },
    {
      "metric": "power",
      "zone": "Z4",
      "label": "Threshold",
      "start_time": 198.0,
      "end_time": 234.0,
      "duration_seconds": 36.0,
      "height": 0.6343735224586288,
      "intensity_ratio": 0.9134751773049645,
      "average_value": 214.66666666666666
    },
    {
      "metric": "power",
      "zone": "Z3",
      "label": "Tempo",
      "start_time": 234.0,
      "end_time": 252.0,
      "duration_seconds": 18.0,
      "height": 0.6001418439716312,
      "intensity_ratio": 0.8787234042553191,
      "average_value": 206.5
    },
    {
      "metric": "power",
      "zone": "Z4",
      "label": "Threshold",
      "start_time": 252.0,
      "end_time": 262.0,
      "duration_seconds": 10.0,
      "height": 0.6445106382978724,
      "intensity_ratio": 0.9229787234042554,
      "average_value": 216.9
    },
    {
      "metric": "power",
      "zone": "Z3",
      "label": "Tempo",
      "start_time": 262.0,
      "end_time": 404.0,
      "duration_seconds": 142.0,
      "height": 0.5529297772450305,
      "intensity_ratio": 0.8281390470482469,
      "average_value": 194.61267605633802
    },
    {
      "metric": "power",
      "zone": "Z2",
      "label": "Endurance",
      "start_time": 404.0,
      "end_time": 445.0,
      "duration_seconds": 41.0,
      "height": 0.41803840166061235,
      "intensity_ratio": 0.6725480020757655,
      "average_value": 158.0487804878049
    },
    {
      "metric": "power",
      "zone": "Z1",
      "label": "Active Recovery",
      "start_time": 445.0,
      "end_time": 458.0,
      "duration_seconds": 13.0,
      "height": 0.32,
      "intensity_ratio": 0.5600654664484451,
      "average_value": 131.6153846153846
    },
    {
      "metric": "power",
      "zone": "Z4",
      "label": "Threshold",
      "start_time": 458.0,
      "end_time": 466.0,
      "duration_seconds": 8.0,
      "height": 0.6750354609929078,
      "intensity_ratio": 0.9515957446808511,
      "average_value": 223.625
    },
    {
      "metric": "power",
      "zone": "Z3",
      "label": "Tempo",
      "start_time": 466.0,
      "end_time": 481.0,
      "duration_seconds": 15.0,
      "height": 0.5838581560283688,
      "intensity_ratio": 0.8612765957446809,
      "average_value": 202.4
    },
    {
      "metric": "power",
      "zone": "Z4",
      "label": "Threshold",
      "start_time": 481.0,
      "end_time": 527.0,
      "duration_seconds": 46.0,
      "height": 0.6878877582485353,
      "intensity_ratio": 0.9636447733580019,
      "average_value": 226.45652173913044
    },
    {
      "metric": "power",
      "zone": "Z3",
      "label": "Tempo",
      "start_time": 527.0,
      "end_time": 861.0,
      "duration_seconds": 334.0,
      "height": 0.550282413895613,
      "intensity_ratio": 0.8253025863167283,
      "average_value": 193.94610778443115
    },
    {
      "metric": "power",
      "zone": "Z2",