{
  "duration": 4537,
  "ftp": 235.0,
  "items": [
    {
      "start": 0,
      "end": 295,
      "duration": 295,
      "classification": "recovery",
      "average_power": 101.46779661016949,
      "peak_power": 125.0,
      "normalized_power": 104.06772957275236,
      "intensity_factor": 0.44284140243724407,
      "power_ratio": 0.43177785791561485,
      "time_above_95": 0.0,
      "time_above_106": 0.0,
      "time_above_120": 0.0,
      "time_above_150": 0.0,
      "heart_rate_avg": 121.89830508474576,
      "heart_rate_max": 139,
      "heart_rate_slope": 0.17966101694915254,
      "metadata": {
        "hr_percent_max": 0.6251195132551064
      }
    },
    {
      "start": 295,
      "end": 397,
      "duration": 102,
      "classification": "sprint",
      "average_power": 216.12745098039215,
      "peak_power": 570.0,
      "normalized_power": 236.31315676301978,
      "intensity_factor": 1.005587901119233,
      "power_ratio": 0.9196912807676262,
      "time_above_95": 0.19607843137254902,
      "time_above_106": 0.19607843137254902,
      "time_above_120": 0.19607843137254902,
      "time_above_150": 0.19607843137254902,
      "heart_rate_avg": 146.9607843137255,
      "heart_rate_max": 154,
      "heart_rate_slope": 0.13725490196078433,
      "metadata": {
        "hr_percent_max": 0.7536450477626948
      }
    },
    {
      "start": 397,
      "end": 436,
      "duration": 39,
      "classification": "vo2max",
      "average_power": 129.53846153846155,
      "peak_power": 130.0,
      "normalized_power": 129.53007805085008,
      "intensity_factor": 0.5511918214929791,
      "power_ratio": 0.551227495908347,
      "time_above_95": 0.0,
      "time_above_106": 0.0,
      "time_above_120": 0.0,
      "time_above_150": 0.0,
      "heart_rate_avg": 150.02564102564102,
      "heart_rate_max": 159,
      "heart_rate_slope": -0.07692307692307693,
      "metadata": {
        "hr_percent_max": 0.7693622616699539
      }
    },
    {
      "start": 436,
      "end": 468,
      "duration": 32,
      "classification": "sprint",
      "average_power": 279.8125,
      "peak_power": 570.0,
      "normalized_power": 269.8674077364357,
      "intensity_factor": 1.1483719478146202,
      "power_ratio": 1.1906914893617022,
      "time_above_95": 0.3125,
      "time_above_106": 0.3125,
      "time_above_120": 0.3125,
      "time_above_150": 0.3125,
      "heart_rate_avg": 150.96875,
      "heart_rate_max": 160,
      "heart_rate_slope": 0.1875,
      "metadata": {
        "hr_percent_max": 0.774198717948718
      }
    },
    {
      "start": 468,
      "end": 1838,
      "duration": 1370,
      "classification": "endurance",
      "average_power": 171.83211678832117,
      "peak_power": 175.0,
      "normalized_power": 172.16674194845365,
      "intensity_factor": 0.732624433823207,
      "power_ratio": 0.7312004969715794,
      "time_above_95": 0.0,
      "time_above_106": 0.0,
      "time_above_120": 0.0,
      "time_above_150": 0.0,
      "heart_rate_avg": 155.7751824817518,
      "heart_rate_max": 164,
      "heart_rate_slope": -0.0036496350364963502,
      "metadata": {
        "hr_percent_max": 0.7988470896500093
      }
    },
    {
      "start": 1838,
      "end": 2128,
      "duration": 290,
      "classification": "recovery",
      "average_power": 104.54137931034482,
      "peak_power": 105.0,
      "normalized_power": 104.54401117283699,
      "intensity_factor": 0.4448681326503702,
      "power_ratio": 0.4448569332355099,
      "time_above_95": 0.0,
      "time_above_106": 0.0,
      "time_above_120": 0.0,
      "time_above_150": 0.0,
      "heart_rate_avg": 147.67586206896553,
      "heart_rate_max": 163,
      "heart_rate_slope": -0.041379310344827586,
      "metadata": {
        "hr_percent_max": 0.7573121131741822
      }
    },
    {
      "start": 2128,
      "end": 2949,
      "duration": 821,
      "classification": "tempo",
      "average_power": 192.49330085261875,
      "peak_power": 290.0,
      "normalized_power": 197.54959736235753,
      "intensity_factor": 0.8406365845206704,
      "power_ratio": 0.8191204291600798,
      "time_above_95": 0.12423873325213154,
      "time_above_106": 0.11936662606577345,
      "time_above_120": 0.11571254567600488,
      "time_above_150": 0.0,
      "heart_rate_avg": 166.8489646772229,
      "heart_rate_max": 174,
      "heart_rate_slope": 0.03288672350791717,
      "metadata": {
        "hr_percent_max": 0.8556357162934508
      }
    },
    {
      "start": 2949,
      "end": 3034,
      "duration": 85,
      "classification": "threshold",
      "average_power": 236.48235294117646,
      "peak_power": 290.0,
      "normalized_power": 233.14104697172522,
      "intensity_factor": 0.9920895615818094,
      "power_ratio": 1.00630788485607,
      "time_above_95": 0.9411764705882353,
      "time_above_106": 0.24705882352941178,
      "time_above_120": 0.2235294117647059,
      "time_above_150": 0.0,
      "heart_rate_avg": 174.34117647058824,
      "heart_rate_max": 178,
      "heart_rate_slope": 0.047058823529411764,
      "metadata": {
        "hr_percent_max": 0.8940573152337858
      }
    },
    {
      "start": 3034,
      "end": 3328,
      "duration": 294,
      "classification": "recovery",
      "average_power": 104.51360544217687,
      "peak_power": 105.0,
      "normalized_power": 104.520532749054,
      "intensity_factor": 0.44476822446405956,
      "power_ratio": 0.44473874656245477,
      "time_above_95": 0.0,
      "time_above_106": 0.0,
      "time_above_120": 0.0,
      "time_above_150": 0.0,
      "heart_rate_avg": 154.40136054421768,
      "heart_rate_max": 176,
      "heart_rate_slope": -0.09183673469387756,
      "metadata": {
        "hr_percent_max": 0.7918018489447061
      }
    },
    {
      "start": 3328,
      "end": 3727,
      "duration": 399,
      "classification": "tempo",
      "average_power": 189.69924812030075,
      "peak_power": 290.0,
      "normalized_power": 194.1768390176485,
      "intensity_factor": 0.8262844213516957,
      "power_ratio": 0.8072308430651096,
      "time_above_95": 0.10025062656641603,
      "time_above_106": 0.09774436090225563,
      "time_above_120": 0.09523809523809523,
      "time_above_150": 0.0,
      "heart_rate_avg": 166.94987468671678,
      "heart_rate_max": 175,
      "heart_rate_slope": 0.06015037593984962,
      "metadata": {
        "hr_percent_max": 0.8561532035216245
      }
    },
    {
      "start": 3727,
      "end": 3767,
      "duration": 40,
      "classification": "threshold",
      "average_power": 236.375,
      "peak_power": 290.0,
      "normalized_power": 235.0243363510003,
      "intensity_factor": 1.0001035589404268,
      "power_ratio": 1.0058510638297873,
      "time_above_95": 0.525,
      "time_above_106": 0.525,
      "time_above_120": 0.5,
      "time_above_150": 0.0,
      "heart_rate_avg": 173.0,
      "heart_rate_max": 176,
      "heart_rate_slope": 0.125,
      "metadata": {
        "hr_percent_max": 0.8871794871794871
      }
    },
    {
      "start": 3767,
      "end": 4149,
      "duration": 382,
      "classification": "tempo",
      "average_power": 191.1282722513089,
      "peak_power": 290.0,
      "normalized_power": 195.79555748005993,
      "intensity_factor": 0.8331725850215316,
      "power_ratio": 0.8133117968140805,
      "time_above_95": 0.10732984293193717,
      "time_above_106": 0.10471204188481675,
      "time_above_120": 0.09947643979057591,
      "time_above_150": 0.0,
      "heart_rate_avg": 173.06020942408378,
      "heart_rate_max": 179,
      "heart_rate_slope": -0.007853403141361256,
      "metadata": {
        "hr_percent_max": 0.8874882534568399
      }
    },
    {
      "start": 4149,
      "end": 4239,
      "duration": 90,
      "classification": "threshold",
      "average_power": 244.75555555555556,
      "peak_power": 310.0,
      "normalized_power": 241.82825421655713,
      "intensity_factor": 1.0290564009215197,