{
  "duration": 4926,
  "ftp": 235.0,
  "items": [
    {
      "start": 0,
      "end": 394,
      "duration": 394,
      "classification": "endurance",
      "average_power": 113.95939086294416,
      "peak_power": 217.0,
      "normalized_power": 129.5648616456452,
      "intensity_factor": 0.5513398367899797,
      "power_ratio": 0.48493357814018795,
      "time_above_95": 0.0,
      "time_above_106": 0.0,
      "time_above_120": 0.0,
      "time_above_150": 0.0,
      "heart_rate_avg": 123.56598984771574,
      "heart_rate_max": 145,
      "heart_rate_slope": 0.14213197969543148,
      "metadata": {
        "hr_percent_max": 0.6336717428087987
      }
    },
    {
      "start": 394,
      "end": 586,
      "duration": 192,
      "classification": "recovery",
      "average_power": 101.27083333333333,
      "peak_power": 180.0,
      "normalized_power": 113.7118940146159,
      "intensity_factor": 0.4838804000621953,
      "power_ratio": 0.43093971631205674,
      "time_above_95": 0.0,
      "time_above_106": 0.0,
      "time_above_120": 0.0,
      "time_above_150": 0.0,
      "heart_rate_avg": 129.421875,
      "heart_rate_max": 145,
      "heart_rate_slope": -0.057291666666666664,
      "metadata": {
        "hr_percent_max": 0.6637019230769231
      }
    },
    {
      "start": 586,
      "end": 3747,
      "duration": 3161,
      "classification": "tempo",
      "average_power": 197.37488136665613,
      "peak_power": 230.0,
      "normalized_power": 198.32987441863767,
      "intensity_factor": 0.8439569124197348,
      "power_ratio": 0.8398931121985367,
      "time_above_95": 0.0018981335020563112,
      "time_above_106": 0.0,
      "time_above_120": 0.0,
      "time_above_150": 0.0,
      "heart_rate_avg": 165.01265422334706,
      "heart_rate_max": 182,
      "heart_rate_slope": 0.01518506801645049,
      "metadata": {
        "hr_percent_max": 0.846218739606908
      }
    },
    {
      "start": 3747,
      "end": 3816,
      "duration": 69,
      "classification": "threshold",
      "average_power": 229.40579710144928,
      "peak_power": 230.0,
      "normalized_power": 229.41358623365892,
      "intensity_factor": 0.9762280265262082,
      "power_ratio": 0.9761948812827629,
      "time_above_95": 1.0,
      "time_above_106": 0.0,
      "time_above_120": 0.0,
      "time_above_150": 0.0,
      "heart_rate_avg": 184.2608695652174,
      "heart_rate_max": 185,
      "heart_rate_slope": 0.028985507246376812,
      "metadata": {
        "hr_percent_max": 0.9449275362318841
      }
    },
    {
      "start": 3816,
      "end": 3880,
      "duration": 64,
      "classification": "tempo",
      "average_power": 203.671875,
      "peak_power": 229.0,
      "normalized_power": 205.56428147235894,
      "intensity_factor": 0.8747416232866339,
      "power_ratio": 0.866688829787234,
      "time_above_95": 0.03125,
      "time_above_106": 0.0,
      "time_above_120": 0.0,
      "time_above_150": 0.0,
      "heart_rate_avg": 182.78125,
      "heart_rate_max": 183,
      "heart_rate_slope": 0.0,
      "metadata": {
        "hr_percent_max": 0.9373397435897436
      }
    },
    {
      "start": 3880,
      "end": 3987,
      "duration": 107,
      "classification": "endurance",
      "average_power": 169.44859813084113,
      "peak_power": 170.0,
      "normalized_power": 169.40969152333076,
      "intensity_factor": 0.720892304354599,
      "power_ratio": 0.7210578643865581,
      "time_above_95": 0.0,
      "time_above_106": 0.0,
      "time_above_120": 0.0,
      "time_above_150": 0.0,
      "heart_rate_avg": 180.38317757009347,
      "heart_rate_max": 183,
      "heart_rate_slope": -0.056074766355140186,
      "metadata": {
        "hr_percent_max": 0.9250419362568896
      }
    },
    {
      "start": 3987,
      "end": 4065,
      "duration": 78,
      "classification": "tempo",
      "average_power": 201.34615384615384,
      "peak_power": 220.0,
      "normalized_power": 201.54482210906843,
      "intensity_factor": 0.8576375408896529,
      "power_ratio": 0.8567921440261865,
      "time_above_95": 0.0,
      "time_above_106": 0.0,
      "time_above_120": 0.0,
      "time_above_150": 0.0,
      "heart_rate_avg": 180.3846153846154,
      "heart_rate_max": 183,
      "heart_rate_slope": 0.07692307692307693,
      "metadata": {
        "hr_percent_max": 0.9250493096646943
      }
    },
    {
      "start": 4065,
      "end": 4162,
      "duration": 97,
      "classification": "vo2max",
      "average_power": 232.11340206185568,
      "peak_power": 290.0,
      "normalized_power": 236.01606431866884,
      "intensity_factor": 1.0043236779517823,
      "power_ratio": 0.9877166045185348,
      "time_above_95": 0.5773195876288659,
      "time_above_106": 0.38144329896907214,
      "time_above_120": 0.061855670103092786,
      "time_above_150": 0.0,
      "heart_rate_avg": 185.10309278350516,
      "heart_rate_max": 187,
      "heart_rate_slope": 0.020618556701030927,
      "metadata": {
        "hr_percent_max": 0.9492466296590009
      }
    },
    {
      "start": 4162,
      "end": 4927,
      "duration": 765,
      "classification": "recovery",
      "average_power": 43.780392156862746,
      "peak_power": 158.0,
      "normalized_power": 47.99411291061793,
      "intensity_factor": 0.20423026770475713,
      "power_ratio": 0.18629954109303296,
      "time_above_95": 0.0,
      "time_above_106": 0.0,
      "time_above_120": 0.0,
      "time_above_150": 0.0,
      "heart_rate_avg": 146.80261437908496,
      "heart_rate_max": 185,
      "heart_rate_slope": -0.0784313725490196,
      "metadata": {
        "hr_percent_max": 0.7528339198927434
      }
    }
  ],
  "preview_image": "data/zone_previews/strava_15553737002_zones.png",
  "zone_segments": [
    {
      "metric": "power",
      "zone": "Z1",
      "label": "Active Recovery",
      "start_time": 0.0,
      "end_time": 19.0,
      "duration_seconds": 19.0,
      "height": 0.23076046014455867,
      "intensity_ratio": 0.3045912653975364,
      "average_value": 71.57894736842105
    },
    {
      "metric": "power",
      "zone": "Z2",
      "label": "Endurance",
      "start_time": 19.0,
      "end_time": 44.0,
      "duration_seconds": 25.0,
      "height": 0.3692595744680851,
      "intensity_ratio": 0.6115744680851064,
      "average_value": 143.72
    },
    {
      "metric": "power",
      "zone": "Z2",
      "label": "Endurance",
      "start_time": 44.0,
      "end_time": 50.0,
      "duration_seconds": 6.0,
      "height": 0.33617021276595743,
      "intensity_ratio": 0.5702127659574469,
      "average_value": 134.0
    },
    {
      "metric": "power",
      "zone": "Z2",
      "label": "Endurance",
      "start_time": 50.0,
      "end_time": 76.0,
      "duration_seconds": 26.0,
      "height": 0.35764320785597387,
      "intensity_ratio": 0.5970540098199674,
      "average_value": 140.30769230769232
    },
    {
      "metric": "power",
      "zone": "Z1",
      "label": "Active Recovery",
      "start_time": 76.0,
      "end_time": 141.0,
      "duration_seconds": 65.0,
      "height": 0.2099389971730397,
      "intensity_ratio": 0.24733224222585926,
      "average_value": 58.12307692307692
    },
    {
      "metric": "power",
      "zone": "Z2",
      "label": "Endurance",
      "start_time": 141.0,
      "end_time": 149.0,
      "duration_seconds": 8.0,
      "height": 0.3748936170212766,
      "intensity_ratio": 0.6186170212765958,
      "average_value": 145.375
    },
    {
      "metric": "power",
      "zone": "Z1",
      "label": "Active Recovery",
      "start_time": 149.0,
      "end_time": 163.0,
      "duration_seconds": 14.0,
      "height": 0.23505940867642994,
      "intensity_ratio": 0.31641337386018237,
      "average_value": 74.35714285714286
    },
    {
      "metric": "power",
      "zone": "Z1",
      "label": "Active Recovery",
      "start_time": 163.0,
      "end_time": 220.0,
      "duration_seconds": 57.0,
      "height": 0.24900335946248597,