{
  "duration": 2259,
  "ftp": 235.0,
  "items": [
    {
      "start": 0,
      "end": 2039,
      "duration": 2039,
      "classification": "tempo",
      "average_power": 192.44531633153505,
      "peak_power": 239.0,
      "normalized_power": 193.4095305531072,
      "intensity_factor": 0.8230192789493923,
      "power_ratio": 0.8189162397086598,
      "time_above_95": 0.024521824423737126,
      "time_above_106": 0.0,
      "time_above_120": 0.0,
      "time_above_150": 0.0,
      "heart_rate_avg": 144.94458067680236,
      "heart_rate_max": 154,
      "heart_rate_slope": 0.02501226091221187,
      "metadata": {
        "hr_percent_max": 0.7433055419323198
      }
    },
    {
      "start": 2039,
      "end": 2233,
      "duration": 194,
      "classification": "endurance",
      "average_power": 166.79381443298968,
      "peak_power": 173.0,
      "normalized_power": 166.74280474286434,
      "intensity_factor": 0.7095438499696355,
      "power_ratio": 0.7097609124808071,
      "time_above_95": 0.0,
      "time_above_106": 0.0,
      "time_above_120": 0.0,
      "time_above_150": 0.0,
      "heart_rate_avg": 141.14948453608247,
      "heart_rate_max": 149,
      "heart_rate_slope": -0.03608247422680412,
      "metadata": {
        "hr_percent_max": 0.7238435104414486
      }
    },
    {
      "start": 2233,
      "end": 2260,
      "duration": 27,
      "classification": "vo2max",
      "average_power": 252.33333333333334,
      "peak_power": 311.0,
      "normalized_power": 252.33333333333334,
      "intensity_factor": 1.073758865248227,
      "power_ratio": 1.073758865248227,
      "time_above_95": 0.7777777777777778,
      "time_above_106": 0.6666666666666666,
      "time_above_120": 0.37037037037037035,
      "time_above_150": 0.0,
      "heart_rate_avg": 149.1851851851852,
      "heart_rate_max": 156,
      "heart_rate_slope": 0.5555555555555556,
      "metadata": {
        "hr_percent_max": 0.7650522317188985
      }
    }
  ],
  "preview_image": "data/zone_previews/strava_15860960940_zones.png",
  "zone_segments": [
    {
      "metric": "power",
      "zone": "Z4",
      "label": "Threshold",
      "start_time": 11.0,
      "end_time": 68.0,
      "duration_seconds": 57.0,
      "height": 0.7151997013811123,
      "intensity_ratio": 0.9892497200447928,
      "average_value": 232.47368421052633
    },
    {
      "metric": "power",
      "zone": "Z3",
      "label": "Tempo",
      "start_time": 68.0,
      "end_time": 76.0,
      "duration_seconds": 8.0,
      "height": 0.6105673758865248,
      "intensity_ratio": 0.8898936170212766,
      "average_value": 209.125
    },
    {
      "metric": "power",
      "zone": "Z4",
      "label": "Threshold",
      "start_time": 76.0,
      "end_time": 87.0,
      "duration_seconds": 11.0,
      "height": 0.6268085106382978,
      "intensity_ratio": 0.9063829787234042,
      "average_value": 213.0
    },
    {
      "metric": "power",
      "zone": "Z3",
      "label": "Tempo",
      "start_time": 87.0,
      "end_time": 340.0,
      "duration_seconds": 253.0,
      "height": 0.5814845961931994,
      "intensity_ratio": 0.858733495921285,
      "average_value": 201.80237154150197
    },
    {
      "metric": "power",
      "zone": "Z3",
      "label": "Tempo",
      "start_time": 340.0,
      "end_time": 2036.0,
      "duration_seconds": 1696.0,
      "height": 0.5377338418305901,
      "intensity_ratio": 0.8118576876756323,
      "average_value": 190.7865566037736
    },
    {
      "metric": "power",
      "zone": "Z2",
      "label": "Endurance",
      "start_time": 2036.0,
      "end_time": 2240.0,
      "duration_seconds": 204.0,
      "height": 0.4521485189820609,
      "intensity_ratio": 0.7151856487275761,
      "average_value": 168.0686274509804
    },
    {
      "metric": "power",
      "zone": "Z5",
      "label": "VO2max",
      "start_time": 2240.0,
      "end_time": 2249.0,
      "duration_seconds": 9.0,
      "height": 0.8270449172576831,
      "intensity_ratio": 1.1205673758865247,
      "average_value": 263.3333333333333
    },
    {
      "metric": "power",
      "zone": "Z6",
      "label": "Anaerobic Capacity",
      "start_time": 2249.0,
      "end_time": 2259.0,
      "duration_seconds": 10.0,
      "height": 0.9047659574468084,
      "intensity_ratio": 1.2825531914893615,
      "average_value": 301.4
    }
  ]
}