{
  "duration": 5171,
  "ftp": 235.0,
  "items": [
    {
      "start": 0,
      "end": 564,
      "duration": 564,
      "classification": "tempo",
      "average_power": 177.2712765957447,
      "peak_power": 206.0,
      "normalized_power": 179.0499187339475,
      "intensity_factor": 0.7619145478040319,
      "power_ratio": 0.7543458578542327,
      "time_above_95": 0.0,
      "time_above_106": 0.0,
      "time_above_120": 0.0,
      "time_above_150": 0.0,
      "heart_rate_avg": 134.79432624113474,
      "heart_rate_max": 143,
      "heart_rate_slope": 0.08156028368794327,
      "metadata": {
        "hr_percent_max": 0.6912529550827422
      }
    },
    {
      "start": 564,
      "end": 668,
      "duration": 104,
      "classification": "endurance",
      "average_power": 172.05769230769232,
      "peak_power": 177.0,
      "normalized_power": 172.15629889888785,
      "intensity_factor": 0.7325799953144164,
      "power_ratio": 0.7321603927986907,
      "time_above_95": 0.0,
      "time_above_106": 0.0,
      "time_above_120": 0.0,
      "time_above_150": 0.0,
      "heart_rate_avg": 136.6153846153846,
      "heart_rate_max": 140,
      "heart_rate_slope": 0.0,
      "metadata": {
        "hr_percent_max": 0.7005917159763313
      }
    },
    {
      "start": 668,
      "end": 3688,
      "duration": 3020,
      "classification": "tempo",
      "average_power": 188.0933774834437,
      "peak_power": 217.0,
      "normalized_power": 188.30170624305742,
      "intensity_factor": 0.8012838563534358,
      "power_ratio": 0.8003973509933775,
      "time_above_95": 0.0,
      "time_above_106": 0.0,
      "time_above_120": 0.0,
      "time_above_150": 0.0,
      "heart_rate_avg": 147.9658940397351,
      "heart_rate_max": 156,
      "heart_rate_slope": 0.003642384105960265,
      "metadata": {
        "hr_percent_max": 0.7587994566140261
      }
    },
    {
      "start": 3688,
      "end": 4089,
      "duration": 401,
      "classification": "endurance",
      "average_power": 170.5211970074813,
      "peak_power": 178.0,
      "normalized_power": 170.68802645100334,
      "intensity_factor": 0.726332027451078,
      "power_ratio": 0.7256221149254524,
      "time_above_95": 0.0,
      "time_above_106": 0.0,
      "time_above_120": 0.0,
      "time_above_150": 0.0,
      "heart_rate_avg": 145.46633416458852,
      "heart_rate_max": 150,
      "heart_rate_slope": -0.00997506234413965,
      "metadata": {
        "hr_percent_max": 0.7459812008440436
      }
    },
    {
      "start": 4089,
      "end": 4970,
      "duration": 881,
      "classification": "tempo",
      "average_power": 187.1271282633371,
      "peak_power": 216.0,
      "normalized_power": 187.5536136602822,
      "intensity_factor": 0.7981004836607754,
      "power_ratio": 0.7962856521844133,
      "time_above_95": 0.0,
      "time_above_106": 0.0,
      "time_above_120": 0.0,
      "time_above_150": 0.0,
      "heart_rate_avg": 150.45402951191826,
      "heart_rate_max": 155,
      "heart_rate_slope": 0.01021566401816118,
      "metadata": {
        "hr_percent_max": 0.7715591257021449
      }
    },
    {
      "start": 4970,
      "end": 5099,
      "duration": 129,
      "classification": "threshold",
      "average_power": 233.65891472868216,
      "peak_power": 247.0,
      "normalized_power": 233.67086292794795,
      "intensity_factor": 0.9943440975657359,
      "power_ratio": 0.9942932541646049,
      "time_above_95": 0.8992248062015504,
      "time_above_106": 0.0,
      "time_above_120": 0.0,
      "time_above_150": 0.0,
      "heart_rate_avg": 159.6124031007752,
      "heart_rate_max": 163,
      "heart_rate_slope": 0.05426356589147287,
      "metadata": {
        "hr_percent_max": 0.8185251441065394
      }
    },
    {
      "start": 5099,
      "end": 5172,
      "duration": 73,
      "classification": "vo2max",
      "average_power": 247.73972602739727,
      "peak_power": 261.0,
      "normalized_power": 241.96946856497445,
      "intensity_factor": 1.0296573130424445,
      "power_ratio": 1.0542116001165842,
      "time_above_95": 0.9863013698630136,
      "time_above_106": 0.7397260273972602,
      "time_above_120": 0.0,
      "time_above_150": 0.0,
      "heart_rate_avg": 163.58904109589042,
      "heart_rate_max": 164,
      "heart_rate_slope": 0.0273972602739726,
      "metadata": {
        "hr_percent_max": 0.8389181594661047
      }
    }
  ],
  "preview_image": "data/zone_previews/strava_15306894387_zones.png",
  "zone_segments": [
    {
      "metric": "power",
      "zone": "Z3",
      "label": "Tempo",
      "start_time": 11.0,
      "end_time": 291.0,
      "duration_seconds": 280.0,
      "height": 0.5088936170212766,
      "intensity_ratio": 0.7809574468085106,
      "average_value": 183.525
    },
    {
      "metric": "power",
      "zone": "Z2",
      "label": "Endurance",
      "start_time": 291.0,
      "end_time": 296.0,
      "duration_seconds": 5.0,
      "height": 0.4791489361702127,
      "intensity_ratio": 0.7489361702127659,
      "average_value": 176.0
    },
    {
      "metric": "power",
      "zone": "Z3",
      "label": "Tempo",
      "start_time": 296.0,
      "end_time": 329.0,
      "duration_seconds": 33.0,
      "height": 0.4829787234042553,
      "intensity_ratio": 0.7531914893617021,
      "average_value": 177.0
    },
    {
      "metric": "power",
      "zone": "Z2",
      "label": "Endurance",
      "start_time": 329.0,
      "end_time": 357.0,
      "duration_seconds": 28.0,
      "height": 0.4753799392097264,
      "intensity_ratio": 0.744224924012158,
      "average_value": 174.89285714285714
    },
    {
      "metric": "power",
      "zone": "Z2",
      "label": "Endurance",
      "start_time": 357.0,
      "end_time": 378.0,
      "duration_seconds": 21.0,
      "height": 0.4569402228976698,
      "intensity_ratio": 0.7211752786220872,
      "average_value": 169.47619047619048
    },
    {
      "metric": "power",
      "zone": "Z3",
      "label": "Tempo",
      "start_time": 378.0,
      "end_time": 393.0,
      "duration_seconds": 15.0,
      "height": 0.48536170212765956,
      "intensity_ratio": 0.7557446808510638,
      "average_value": 177.6
    },
    {
      "metric": "power",
      "zone": "Z2",
      "label": "Endurance",
      "start_time": 393.0,
      "end_time": 404.0,
      "duration_seconds": 11.0,
      "height": 0.47760154738878136,
      "intensity_ratio": 0.7470019342359767,
      "average_value": 175.54545454545453
    },
    {
      "metric": "power",
      "zone": "Z3",
      "label": "Tempo",
      "start_time": 404.0,
      "end_time": 488.0,
      "duration_seconds": 84.0,
      "height": 0.5145626477541372,
      "intensity_ratio": 0.7870314083080041,
      "average_value": 184.95238095238096
    },
    {
      "metric": "power",
      "zone": "Z2",
      "label": "Endurance",
      "start_time": 488.0,
      "end_time": 502.0,
      "duration_seconds": 14.0,
      "height": 0.4543465045592705,
      "intensity_ratio": 0.7179331306990882,
      "average_value": 168.71428571428572
    },
    {
      "metric": "power",
      "zone": "Z3",
      "label": "Tempo",
      "start_time": 502.0,
      "end_time": 511.0,
      "duration_seconds": 9.0,
      "height": 0.4865090622537431,
      "intensity_ratio": 0.7569739952718676,
      "average_value": 177.88888888888889
    },
    {
      "metric": "power",
      "zone": "Z2",
      "label": "Endurance",
      "start_time": 511.0,
      "end_time": 546.0,
      "duration_seconds": 35.0,
      "height": 0.4696170212765957,
      "intensity_ratio": 0.7370212765957447,
      "average_value": 173.2
    },
    {
      "metric": "power",
      "zone": "Z3",
      "label": "Tempo",
      "start_time": 546.0,
      "end_time": 561.0,
      "duration_seconds": 15.0,
      "height": 0.5038959810874705,
      "intensity_ratio": 0.7756028368794327,
      "average_value": 182.26666666666668
    },
    {
      "metric": "power",
      "zone": "Z2",